image_id,label
4f6e0dff-7bc1-4db7-8e8a-dd5a7b2c04d4,0ฬ-0674
2678e665-50a9-42eb-8b98-3a1323a8950d,05กฒ4901
1b3bee82-898d-4aa8-9a7e-6f375ad62d8f,1กฉ9661
6d997bce-395e-4d25-85e4-dec70ead7954,0จห64
59c765b1-cdac-4fa7-902c-685f1591decf,0ฌธ5479
8485e66a-cc0c-4ec5-aca8-edc13e92f532,05กฒ76
e1c2b08a-4688-43e7-907b-ed025b5b2f43,06กษ549
954b59dc-b324-4099-9f31-a6bb0e60fd8f,02กย369
b446711f-f25d-42c7-8b88-09a0ea24c0a7,0ญข
7f5db1b6-da8e-4fab-9129-3fd159d0270d,0พม73
d6f6c21b-2778-4ff2-92a0-ee34a47b41be,08กคต042
664107af-b67c-40bf-ab0a-3a862e118c95,0ญร5186
35e02dd3-a30c-4fcd-86e9-03ceb74f62c4,07ก459
a19fbfd2-e621-434b-b6c3-95467bcde8c2,0ฮยษ645
646429d6-7fec-4991-b0ea-171da67ffc38,0ถก2
894fccde-c08a-4196-889b-5f4518f12a50,05กล8729
6c38700d-0284-437e-9835-614488ac4686,05กล23
6144c22b-8fc9-414b-a420-882883c49976,0กข604
34114a14-11c1-4764-8b15-b2e934e3c548,03กบ16
de457111-30f5-4289-9725-53f71be755bf,0ฒ1ฉ728
77a26a59-bace-4a21-980b-411ed4f7973f,0ฎฏ73596
78a0de00-75fd-4778-942a-c53812c82fa5,02กดต678
2dff71e8-ffa4-413a-b955-becd1bda5301,05กภ6839
f18092c6-0ba9-4d7a-95dd-29d3704de175,0กข7385
7759cbfd-734b-4b84-bb40-1895977f5bb9,0กต6780
81082d16-db84-4e1e-b30d-997cb8d5cad2,0ฆฮ91862
e5d0c1f2-16cf-406f-907e-0c2419b7452a,06กน10
eabf0ef3-b6d3-4356-96c1-7ab08e1d087c,0ญฒ618
72814829-6dd5-4b16-86be-79737c5ad547,0ฒม5139
0cc12c1b-98a7-4670-b543-77f4e1a8c3e9,08กผ476
d04ebf1b-89de-45e5-825b-8a4a34015f35,0ฎฏฌณ49
6156a97a-ff92-4233-a6f3-8c4c05e3ae5e,03กทพ4681
839bec88-0d2a-468b-913b-953a3288f5f8,0กส314
f4e0df7c-2c2b-4cd4-8ec3-e245852fbadb,07กท698
8986f740-51e5-4832-968c-1b24cbb5636b,04กษ506
71f34c39-10cd-4653-b66a-9097b124db45,0ฎภ794
94125e04-f802-4834-9c40-0f90ec82aa55,0กฉ5160
73817779-de9e-4787-8275-e7530f5d0334,07กว2105
2648c0b8-9dd2-490e-a909-a9d26a4c32fb,06กฒ3901
3cd2b076-f0a5-45b0-b9e6-89a6cb839d89,08กต6315
82ec040e-21b4-46f6-947b-1755de8463e8,04กค38159
1911d452-f620-487f-959f-3f515572374e,07กร251
89e4a431-3505-4265-98aa-d3817145a64f,0สฌณ507
73887ebd-12cb-429e-9e50-240ab1a520b1,0ญง3289
0f9fd346-8b85-4faf-a1bf-b94b42548ba2,05กค4032
77fcbd75-aaaa-4f6c-94ee-68aa83eceb7c,0กฮ715
88c37229-8a41-4e3e-a118-fe70c7e6ec75,06กผ2439
9d4f0e2d-5742-4251-b0b3-46ab3b04a59f,0ชนมผ604
b188ebb0-ba53-41c5-852c-1448c16e76b4,08กฌณ927
e8602f97-1ebf-4106-b65a-1027beba53cb,0ศห683
2ad5f503-b91c-4285-bb91-e1e1d5af5b19,0กท784
93119396-955b-4459-9d97-d86b1400fd18,04กฆ980
f23a472d-6d37-4e21-8c5b-ed8bc46b6ffe,0ญร6103
875988f6-a00e-45e1-9b47-485d438a98c9,06กดต2574
d2329f01-9944-48c1-a128-3c89f1db2e19,0กง7689
e0a88889-439d-4a01-b437-86c840483732,07กญ241
9b321095-4f4b-4ee6-a0b3-b4fb7a54504c,0ฎร59
fa566e6d-ac1f-47c2-b2ec-fb7afd073d29,05กต607
b94f0dee-c965-4dad-baf7-3b7eb12f6fec,03กผ59
111f49ff-a69c-4b0e-a5eb-0c5fd4a8fbac,0ฎฏข12
598f47d6-0f96-46e0-8a7b-61649af07c9e,0กชข9612
411fd4b3-ad03-4135-a637-0a6f1449ebcf,05กญ34
cc2a370f-a477-4882-8b37-f41d806c9c79,0ศจ31
4de1b2f3-6276-40d3-8be4-30b18560c12c,06กท9431
68e867c9-5507-4fdb-86a1-bf6f1a0e501d,01กฒ730
0023713c-801f-4c95-a650-7519a5b791bf,04กฮ21
566dcd08-00d5-4101-90f4-6c24472f1327,0ญว71
fc04327b-5929-4804-a283-d68cdd2af5f2,07กว4361
218921c9-151f-4a4e-bc20-e6df49634414,07กฬ283
cbb21dcb-b7a7-4861-9fdc-0a689a4f9e06,0ชนม947
86a9ccc0-dab5-4602-83e4-ed4dbb5a264d,02ฒท89
14210ba2-3c5f-4d8e-9ba7-8b4dc84ce70b,08กค374
6e9306cb-e443-4f71-9b99-fef2bccc5d0f,0ฒญ2704
643c8913-e7b0-4711-8416-ffa57eeb01ba,02กพ549
5ec06be6-9ab0-4ee9-aec1-fc75b2041438,08กณ235
fcce9ceb-6160-4a26-80bf-ab6a0371a308,0ญท236
eea5ad4f-ebc6-48b2-9c46-287f71dc2d6b,0กข340
306de884-6b40-435c-94f3-7e88bc0bbc44,02กข384
4a317396-69f4-4ad1-b424-bd051b0fd03f,07กศ205
634d0fa9-20d2-42b2-abf1-c8dac5d98bf6,0กท7819
7af1137a-601f-4f8c-8173-64f82603da58,01กล20
27f1fac1-03b0-42c7-b74e-36d1dd3668ed,02กฎฏ857
cfb3c23a-7de3-4d4f-9d33-0a559f29829c,05กฐ190
e4057602-004b-4eac-bf6b-5ec224a3a7c3,0กย2394
8252f514-31b1-4c63-a097-76960b671dfd,03กล4781
2f197151-535c-4f9c-8178-307d264f5ad9,08ถก694
59452233-65bb-4479-8d7f-4ded2e887334,05กณ92
02fb160d-5418-4ece-beba-b2a8f1b8c453,06กตฒถ07ร3
b93ee284-6e8a-4869-93b5-4b22a34a18a6,0ฉ246
102f515c-5395-49af-b951-27f71472ed89,06กคต258
456b8d93-5677-4814-9a92-82ebb61f7ed4,07กญ6832
e3abbbee-3587-4745-b7df-a62b2d136b5f,0กฐ295
7b307a94-8eb5-4130-a2ff-661cdb5b493f,0กว85
6fb80e6f-7043-44d6-87bf-0458938a3717,08กง3651
4cc36e35-c90f-4568-a08f-392db35f4209,07กภ1345
40c4ab27-00f4-4c03-bae0-3825cc2ac435,09ก856
f2f32c38-7c43-4ca7-9cb7-bfc7ee582feb,0กธ219
da0007ea-cb9f-4866-8a8f-3a38bc3f9fe5,0กฬ2761
071a9155-b59d-4268-9cae-90919205e96c,07กสล645
63b2eb64-8b46-4f1b-95a3-96d8cda81707,01ฒพ75864
100959f5-f35a-4413-9abd-601a3d24eb02,09กฌ47
517671da-b79b-4ed4-9791-661a4110d749,0ญน9678
40178dd6-9e7d-44f6-8ed0-d036198b7474,0ขร71
04f53943-0f87-4210-99ca-49d0488e5817,0กล637
b5b0b297-a740-4756-9f2c-ae6633133d48,0ฆข13
ba6b00c6-0d7d-41f2-9f93-08515c64ea3d,05กข46
a2966cee-cf0d-4442-ae58-894812896f46,0ฌท195
c9bdbd85-9538-479a-a866-e8a2baf5895e,0ฆษ8065
dc797465-0c8a-4856-b875-f89a7d49102f,0กค352
ae1c7652-afc9-48ca-8130-8046624165c6,07กย2
e16127a1-9119-439f-95a5-e06a2497f8a4,0ญง3251
3d525602-b78d-4058-a27f-ade3bbb2ba84,0ฎฏฌณ95
5a7cfa83-f47f-4f8b-ae5f-ed803c9cbadd,09ก405
463a9436-bd7b-4e6f-8516-523b9c79718b,05กฎฏ721
c96997a9-f022-49a9-ba3d-1233abfa8c74,0กอ512
953e5174-dc70-47bd-879d-efd88c16d674,09กฒ8415
7dc46755-6907-4dc8-8413-a2158e614d09,01กบ956
a8df6da0-d7bb-4583-b26e-c78d647bf8ed,0ฆฬ493
ecc3694a-6101-474a-b2b9-b3d98d3e7a1c,0วฐ3754
7acd5cde-f973-47b2-918e-02cd7f824490,03กค759
8f90860d-986d-419c-b190-a26a18fe536c,01กนม789
07997092-99e7-4e0a-b3bb-69c0474de436,0ษน268
65a67d1b-b0e8-47ee-b150-0b566eeac566,08กล721
080f3639-516e-43bd-b3ae-999dc16be99d,0ศฉ605
42488834-af3b-412e-8da1-b3da71e31b99,0ฎฏ8269
4e4fdc38-754d-4fc5-9ae6-7aa7db16af0a,0กคถ41
c8f14972-bdaf-411a-9702-6181988f26b9,07กฌณ1938
38177965-b581-4efd-bb10-cdfb561ef8f5,0กฬ107
ee7cda5a-b28d-4c49-9728-f30625408005,0ฎฏว9018
aefe0da5-c536-4552-b826-7bbe9a7a6e12,08กภ29
6f0eaf6b-3cd5-4b6b-b1e7-10a619ce2618,0ฎฌณ831
d4799a1a-8983-490c-af4c-cdb00af9f625,07กต341
4df1deec-bbc7-49d5-89d4-f41461c96907,0กษ8
782976e5-189b-4869-949f-25fea3cff959,05กย106
9e7d0605-f59b-4fc8-8cca-5dfbdd2e11db,07กจ62
2b95fc05-88b3-4e46-b405-9645e04395ff,0ฆย467
5d2cf584-3bff-4793-8514-bafdff366c8d,0ฌณต79
6b06e779-b158-4c9e-81c4-bafc77023a85,0ฆน4032
9501ea04-67a7-4b54-bb7e-85cd93a97a6c,0ขนม954
589d053a-7698-4556-92cd-0622fa374884,0จห369
30672852-481c-4271-b57c-03a36f45d7a7,0ฌญธ5320
29d3709f-ab22-47fd-bca4-ad9a649eb655,0ฒล809
bf1d8bd2-238a-4ba7-8750-31fd5e6ea5f6,05กต076
67e020bf-d99e-4f64-8783-343e35c9ab07,0ญฒ6931
ad86f50b-d1c4-4e4f-ade6-3e0df02e1828,07กฌ964
f8addfaf-ae92-4e27-be3c-60fc1891c08a,0ฌง9
c4a4e3bf-78c6-459a-9298-7785ed7b2ba5,03กข6128
5e0a5908-545b-4062-8e39-7f89673b795f,03กฆ61
e237c12b-44f0-485e-930b-1c22df98a374,07ก465
814d9937-6607-4824-8370-e82074d07c4d,08กณ2413
d1f36c07-1e69-4f1e-b7f3-a6e679906005,07กภ439
ee41d2fe-11d9-4662-adcd-b0738a8952ab,03กศ59
48016c4a-419c-4bb4-875d-19166af84cfe,01ก23
6a411bd5-1c71-4487-9bd8-aecb71d19a90,0ฆว82
77acf727-cff3-46b6-9e1d-8e1fbf0d8bb0,01กย8593
15cf6f99-d88a-417c-b8fc-6790dc01d671,0ฒนม17
6598985b-c732-416f-8dfa-1af6bcce1faa,03กฉ8640
1af89e4d-5cb6-4591-b9ba-a75a868a4fac,0ฆถก459
dc471b3a-a3d6-44a5-b97e-eb5f2c54b2c7,06กศ49
54ded10d-1e03-4209-954c-1904ced5085d,06กอ503
5bba0bb3-46d2-4286-80dc-11cf540ae888,0ฎฏล9270
4e018fec-9b79-4ec0-a801-e249bd5d14ed,0กค7
01d65326-5c96-4199-a3b1-bda74d191a8a,0ก3612
5fd62230-70e4-4ed0-9f9a-6e36227dd3dd,0ญ59
a874688a-82f8-44b7-9869-85ed394ac691,0กถ35
8a71e1ae-3cbc-4e61-92ee-960090b47ed9,0พ96840
a04438d6-9e50-4a99-bce9-edb72ef68961,04กฎฏ8965
aec82e57-3a5b-4a28-bb9b-9b3c617f4a4f,0ฌก8105
f23dbc93-4bc8-40c7-bd56-41f14467e6b2,02ฒค9186
673ba07a-a278-4f2f-b312-8c94f5b42f8f,0ณท871
27447393-9bfb-4b5c-8f99-6e3e4fb426f0,0ว23กร68
815bb53d-6500-459d-be0d-00d775e87b40,02กฬ6543
e09ec6cb-7aab-41fa-a7e3-706a1468a072,02กข8641
708557aa-baaf-4a39-bfcf-699a936fa642,0ญษ982
c08aa589-c500-4c0b-b166-bdf99a7be5ac,0ศน905
557ffb73-710a-4573-bb2c-6926327e7dbf,05กน762
73c01db0-1f6c-4ae9-8d7c-05f17627fb0e,0กญ150
3f8eeab6-ce02-4349-a8b1-6aeb4121c592,05876
931413d1-1d96-4d6a-9f39-9fff8f50a3bf,0กค96
02238f42-7618-4a5a-89a9-1166ea8fabf2,04กง19
4fb2e0f5-8ad5-4d5d-adaa-0a9159e23726,0ษนมผ4893
90a15919-9d2a-480d-a3aa-b65769ccbb1a,0ฒน218
9e5c875b-ea2b-4821-9c02-ecdc4351b9f5,0อล625
586ddc26-72da-40d5-8aaf-ebd2e8298343,0วฐ98
0986c8bd-a4b4-45c4-9312-e151d7dc6a6d,0ญล495
76fa7a10-8962-4326-a2dc-c2074046b8b9,0ฌฎธ95
640fdef7-5423-44e2-b9d1-066aae885122,08กข430
d8bbcafd-25cc-404f-90f2-79f3c126f5bb,0ญขช7921
5b7f10ce-293f-44c7-88dd-9b7fe142d06a,0ร3219
ae517e24-be28-47b1-a3ff-f97334f828a0,0ฒต602
eda063b3-708b-437a-b464-14270bfb94c1,02กณ5793
402ac809-8c57-4089-9998-f7f10a734ba1,06กน8390
61c8b21d-f915-4ca9-818a-248ac2832a3d,0บท6530
52f654f8-aba5-41ca-95f3-b569d2de7263,06กค754
5954ab57-b69f-4275-a4bc-e86e981c72d6,08กข2064
34a1c535-f50e-4054-8776-a13a13831095,0กญ3486
cf434aca-68c0-4b5a-b761-073c0ba92fcb,0ขธ1645
8a25ff0d-33d8-4be6-89f2-91e141d88d54,0ผ5932
e48402a9-2444-492e-847f-261dcb9dcdb2,0กฮ7046
6ca88921-19ea-42e6-bcc4-e1c6bd76646c,0ผค618
ddb6252a-681f-4d2c-a61b-6fc893b6b1d7,04กธ9168
6f2cefe4-e95a-4199-ae6f-29b86c9439fe,0ฌว831
404232fe-5842-43b6-8740-273bfad5fc95,0กต706
f9e405b8-3589-44ab-b9f9-822da955bca9,05กธ74
bf8da5cf-c7ac-410f-aa25-1cdc183fb531,0ถฌฬพ1278
39cfddc0-d262-4c35-9c9c-5282bf6d2f13,0ฆฉ481
62a82aa9-bf70-4475-8b06-4f51b8b4aed5,0มฎฏ5870
6d9363d4-8e9e-4323-bf73-94a1fb717258,07กฉ8450
df970ba0-d347-49ce-b4ac-6db77166198c,05กน2084
f48bedcf-988c-4223-a4e7-7ec1e0d0026f,0ฌย905
c65a43ea-7c11-4787-b72c-1804a5548f12,05กบ76
b9e63f77-631a-4907-9c19-ce6054bbcb0d,0ฆฎ470
22c27fba-7367-404e-8ad9-078eee71c169,0ฒภ5321
062aa7cb-8093-4358-a88e-b2d3adc68c1a,07กม126
ab68374b-73e9-493d-b0b3-262e5d96047a,05กศ918
22a81517-b01f-4b20-8cc0-90876cf32cfc,
7f6306c6-82a2-427f-b47a-59d1fa965566,0ฆ1875
1007287c-03df-44cb-bd9c-a1da24bac726,0ฆร125
fb3b265e-6a05-48fb-9672-aa9d8a322336,07กย12983
224ee0ac-5c43-4b98-a4fa-9dfe1c8ebf9d,02กน789
c3e53138-0883-410e-86fb-abeeda0d761e,0กล1459
f777480a-0b0f-4d32-95e7-d602b5bc504d,0กญ6289
2157a142-51cc-4232-b3d3-922dac0c2d59,016347
c41b444b-2e4e-4bbe-9bb9-e2cb22b92730,0ฌถศ395
f92ad766-baf7-490c-9be1-18f111703ce5,0ชผ345
3f710083-28fa-4a13-8fe9-6f6277e0058e,0ฒถ231
99db5937-9d14-433f-9036-aa0f32011eab,02กอ3
11de46c5-922d-4241-a20f-44204814f89c,0วณฌ81
6ec7b417-9ffb-467e-b16e-7167739b415f,0ฆค3297
66efe605-b4ae-4f9c-97c7-e7586677738a,0ฆอ12
2a6a88c7-aa35-4f63-a436-6d3c65214e8e,06กร1208
a860f3b1-9843-4da1-ab59-47b09c4ef66f,0ญฎฏ947
e8b0ac40-f694-4fc9-9b79-86e4e82e6327,0กอ368
fdd77674-8d25-49a2-bde3-3c3623a0299d,0ผค538
a631c057-51dc-4012-b491-a30d6ec11af8,0ต5374
fa91fcee-23e7-478b-81af-713d811a43e7,0ฆฉ895
af928f41-458e-4557-bf32-342f0a2ad606,01ฒบ7928
2f679315-d788-4706-bc1e-31d64807a781,0ฮนม5376
30d1ce22-3d32-4e1f-abb1-bb970853ba38,0กถ8721
0daeccb6-6416-4ca3-8a47-3aeecd98470b,08กร92
baeb0bd7-0208-4817-941c-8f66c07fe941,06กม4135
f60d6519-7ef0-435b-821d-8d55e70c6a80,0ฒธ951
61435c8f-4758-4ec1-b8fb-2a03cfcd2079,01กข859
64128906-e106-4912-b0f3-9f0fec5cd502,08กต35
2a9733dd-303c-4914-b7fa-a5a892733980,0ฎฏร840
458c7da2-06be-4b29-868a-aa146411af68,08กฮ452
0206a3d8-4b20-44bf-9610-667bde805cba,04กศ632
6542f0b7-7a74-4dee-8ba3-a6cf097d8e08,01กญ586
01d78135-6a1a-487f-9d21-62a3a2eb4a55,0ถ7298
f933746a-4ef3-41a7-9b4d-065e30528ceb,01กอ6948
f172a5cc-51ec-46d0-ba9d-c7ed97c88890,0กบ269
404303bc-97f2-409e-b6dc-2d18ef0e1511,0กฉ9785
802f48f5-587c-4ccf-84a2-41f6fcbc9ff6,0กญ9340
9d7ac210-8fdc-4b3b-a752-68b6a35510cc,03กฮ906
1f8ce294-a3b7-4bff-938e-7c100ac92dee,08กน965
32f27e82-a32a-4169-935b-3df5e426bc66,09กณฌ1263
16d42019-8f24-46e1-b141-0e3210795ba0,0ชว8496
366dae5c-172f-497f-8449-58ccfb86496f,02
7f961b55-6f99-4740-862e-a01ac73d655e,06กฐ80
8a09a8be-f445-42af-a34d-88942755abf8,06กฌณ78
dec02ccc-4404-4fa2-9f72-93b257b80867,06กถ19
240123a1-a14f-45a7-a2be-1fc24928ad48,04กพฬ8695
4c1e0247-0b9c-45c9-a5b2-3e338f459b41,03กฬ8659
5529ad3d-2f55-4aee-9370-ec16696c03d3,0ก4725
04ba6741-3c91-4eab-be1e-804699389557,0ฒฌ428
04cae19d-0ceb-48f5-8e4c-36f93e4dce62,0วสฬ31
5a62306f-0ada-40c0-b6b7-750b7936fc12,06กพ583
3167c0be-9046-4bab-b4e2-47bc883a1776,0กธ158
c5f4d90e-8388-43cd-8df5-fc5677fa84d9,0ก247
a43e0c09-4f1a-4634-a56d-c7126533642c,0ฬส326
a3ba867c-b4f0-4abf-bcd8-01001edde653,03กว72
cd9f1373-5e53-41d1-9c2d-cf5dcc3548eb,0ฎฏฬ02
51b7257c-3f9a-45a6-92a0-c6b63500e270,0ฌณ649
01c91a5a-d326-4f1c-a212-627ac7ea06d8,07กนม4631
97a04d7a-1918-4265-ab7f-9fc7e4beb35e,0ศย3425
bd1363af-2eed-43ad-9652-f6df9aef28a3,0ฆล83
53c6dc91-04c7-4189-a699-b98e3d7b3165,0กค951
3a1eab74-3a0d-474b-b151-6195169fe452,0ขอ1
b6c41a47-309c-49fa-94d1-c4aaae2fce5b,
a7033353-67eb-47f6-881b-ee38e2bdb63d,09กฉ604
6c0eaf1a-bde3-4fae-b8d5-9381e37a99be,02กข873
aed34054-aaaf-42ed-b502-bc1c9be8fbc7,04กธ217
570e84b0-d820-474d-8b9f-868a4cd04ce4,0ฎฏว31
7f4708f1-4840-4277-b387-dc2cac155eba,01กษบ74
1e6eb7fd-6249-4217-a9d8-a527b10c380b,04กผ03
c871539f-af51-47aa-8312-71747ba5d11d,0ขชฬ204
5aa0382c-91dc-4f77-a498-71a8b05a5ef5,04กศ150
189a38fc-d6b4-49df-9c52-11b1196e7f87,0ญฉ3502
f1443b04-60be-4485-9c64-8b5b2224ec7d,0ชร819
eb5f9861-4d3c-4582-a085-65c10a2a09dc,0กว1832
8855a8c6-550d-4266-991a-cf0271c55459,0ฉพ7
1ca83a5e-d91b-44bc-ae02-937a6c45391d,0กข549
b8859c2e-ddd1-466b-9b1d-c1e51a68504b,01ฒ829
c94af23b-d85c-41c5-bd69-512c2dd99019,0กจ819
a444ad5b-e6cc-4fb6-bb29-05e899385779,0ถฮ934
860de3af-1382-4ce2-abad-e1aa74c4db23,0กอ8317
32cd483d-4d59-45a4-b4c2-e09eb60f2368,02กฬ64
523f0814-4569-4d23-9c49-cae68eb51af6,02ฒม738
24457c85-7a91-46c8-918c-1ea0297332aa,0กยษ704
2809869d-bbe4-4f24-b8ae-3fb0475602f4,0สอ4803
fa021c99-d40a-4ec7-8fc8-255e56e8f740,07กน598
2ab7e6c6-a464-40ea-9bb7-5ff966ce29f0,0ญศ8345
ee453366-f2f6-40d2-8871-5fcb5a42dd99,08กฎฏ2607
7aaa116d-338b-486d-905b-9bcd1da34aed,0ฆพ6710
e5d9abcf-8c71-4801-86cb-2919ff9616cb,09กฌณ8065
6671c90f-6d1d-4ef2-bf1b-3fcae45f8332,06ก94
32077961-2d3e-47dd-8593-0e938a9b10a0,0สล476
b59ee839-349a-4f37-8e48-90054a95c8d6,03
3c399def-8915-454b-8c4a-ef36c42a784b,05794ฐ2
d1ae5756-c709-4c71-a75a-e748d1e6f9c2,0ฎฏจฐ963
4f8b1287-2818-42b2-a5f7-f7afbf76b863,05กญ8419
fc2944df-7471-4eb1-a477-15c63f63f4a6,0กอ3407
f15b6213-30f5-4e47-896e-888127901ed8,08กศ539
e55f5d69-f275-43e3-bfa4-15281d098a1c,0ฎท7458
aa07665b-0a94-479c-9553-6c2a47597c41,07กร685
fe2c4188-ad42-4ae8-856f-a8f508154887,0ขบ570
f5d81d80-37f1-4789-a62f-4d6d379059cd,0ญ2
d4823d71-a26e-4950-908d-88c2407054ce,0ญร54
5379f0d9-01d8-443e-b483-a51513646bc4,0ฌอ189
c16a0943-9740-40e0-97b6-8612ba5360b7,0ฌร3089
d1b02e75-2f5f-4b06-a2ca-5fb430327f54,07กฉ65
8ee1ed77-1c79-4d87-892d-7f3e189d9d50,09ก01
aa8ae2ef-8114-4649-9c36-062cab857e0d,04กล316
31eeda13-b2d3-4f36-8d6f-a5747d6ae69f,0ฆณฌ938
ea086f99-2369-4f39-bbd5-d4627ec6476e,0ก934
4ebfcb8d-3a14-409c-8e47-0669d75721cd,03กฆ187
e34ffeb0-82a2-4d77-a69c-c3fe47657a9d,0ฌถ6498
05a0a1d5-402c-49f3-affa-8f9c77134fda,0กฌฒ834
7b2319ea-bc63-449c-ab88-cfc1430ef867,0ญฒ9871
702e6258-0b10-43b1-93bf-dd652dfd8939,01กธ95830
c80a2c42-5f93-4ed6-b80b-c54efab2fe25,01ฒว308
7c134302-abd3-45e1-91a0-b4ee808ca058,0ฒย692
40d585f1-236c-4d40-8348-febae5ecfef4,0ข2
2406c55e-7af4-4b76-a9da-8c2e131761ca,0ฒฌลส2490
dc4fbfcb-391d-4b4a-84e7-5db5422ce397,0ฆฉ25
4189e16f-b538-4f97-91cd-449f1c645340,0ขค958
6df57ef0-2a41-4b9e-92b4-9d9248272750,0ฆว1
eea1587d-8bf2-4790-a17a-9bff6058f8ef,0กน286
7621edf7-051c-4d21-ba8f-8bd8b5f924d4,0ร0695
9bd77704-3102-47ef-8e8c-3f274d8898a7,053
e62877b5-8216-415a-bf38-e8cece2b450d,09กขบ157
e0800e8b-5fda-4726-a262-a893270282f1,0ศ72
751154c0-f69f-4ed6-922f-1fb34221f2b4,0ฒบ80
633d36d1-6cfd-4400-97ad-7370c9572d14,0กท86
82442194-f815-41ad-9920-985564535c0d,07กน2430
966a65fa-fd6b-42a6-b399-5262f2ddbc24,01ฒพ269
c1a83182-f742-4457-9486-6ad9f14a3b65,0ญล86
eb9e77bf-2f26-4fa2-93f6-7e1b82ba0061,0พ291
434f1b4c-558c-4d1e-92c3-1af279027355,04กต57
a1ad4132-a755-4063-a495-d27de31fe059,01ฒต863
39652b2c-02fa-4369-8473-b94fe27af8a3,
97022a81-a1e4-4ba2-8c2b-18424ac27de3,0
82964a39-0a93-460e-8e3c-53d8cec56d98,0กษย9364
0c1680d6-13d8-4f17-9f19-ce6c015fd8b5,0ชขฮ7549
13a72e9e-1b8f-4fb6-8bb9-fabb10ecae86,0อส28
474b6f32-3fa5-4a00-a40a-19b7f1cb6ee2,0ชบ6735
7b031bc6-01ce-4bc0-8216-098d74e2ee62,02กฐ4853
c652bddd-ff16-4196-94a2-e06ce8c4cda7,02กพ870
e5174405-2991-4ebc-a4ae-fa49c0838d9a,0ม031
ec4bbaf5-0adc-49c9-be48-55e3e6ca1c7c,0ชขร30
6cd1253c-bcdf-4792-ac6c-6486d045d475,0วบ78
8e058f8f-4383-4108-bf39-e06d429706a4,0กทห46
0e58dde3-235b-44f7-94a0-0feb3cae213b,0ฆต7315
934de53c-4c61-4c26-a3d0-2f835ff69716,0ฆข15
d53c912d-0d8e-43bf-a958-102c23af9c30,06กนม4159
f0a7a225-7218-4fbb-9fe9-d5d828b5c356,01กณ835
cf86892e-3a10-4674-af42-c9c360ab95ff,05กข3
ea8f3152-1382-4e71-8741-e78468b6da26,0กล21
16197603-f170-4762-a4fb-cccc8ab7a4bb,0ญง257
abeaf093-e46f-4cf0-b43b-47b21f7ca4a8,0ภฐ94
72b25b77-e4ed-4934-98dd-5a7ad07c23cc,0ฒถ86032
4d611f05-d857-442b-b6c2-08f296569369,0กพ3257
a7d9e27e-91b9-4087-a722-04f39a2056db,08กธ625
6fd1f87c-a88f-4cd7-9d03-2d501fb74b0a,0ภศต3621
c2182ff2-d568-4b74-af23-e01d88550cfa,07กฎ143
026ef674-a0bd-4bc1-bede-93f6526623bb,0กฉ5
464fc5f3-9684-4aa3-a4ec-43d3020418e7,0ฎฏง42683
0374b8b4-ac23-4cf4-a0e2-17dbc0acc816,02กบ39
d2aedd4d-28a8-468f-9dc9-820a342236c5,01ฒศ469
ca0d1ffc-b994-4f2e-99e2-ee06b07106cd,01ฒฆ93
ddf671c3-ff8d-41f2-9760-276bb7571e07,04กษ182
e2d0dd45-8ffc-410a-bb80-9f249e2bb695,0ษท524
c2194c5b-79df-4501-8f13-cc488e78a839,08กพ907
f73f68c5-cd66-423e-ae80-691dd3502e28,0ษฮ185
deabdadf-3064-4fb2-8299-58362eefda5b,07กผ280
7bf8b622-220a-485c-8c2e-b5cc2096acb6,0กน9612
823380c2-72ac-438a-bb19-3a1121f35ac3,08กย937
7dec9e26-17f0-4164-b64f-f5fd2f04b66c,09กญ7138
31c9636d-2556-4334-9891-defcea6ed4fa,0กม7
ef2a79da-a773-4a76-9662-2fe2f0225c76,0ฎฏบ96
02a4af9b-1d79-46f4-8a5d-3149e477e528,01กส49
faae2a1e-660f-43cf-833b-9e9868b5a275,03กษ15
24f27f74-c2a1-41a2-acae-7b0dcc75bb5a,05กท689
b5a155b8-bfa6-47eb-a52c-babd9abcd55b,01กษ3568
00ace346-d061-4f66-8850-a87aa545e84f,04กง8753
1a8cab5e-6af8-40df-adef-e5501e7444d0,0กต861
46410d86-fef1-465c-9f8a-9bbb8c570eaf,0กร14
6248de8c-00e3-497e-8c9f-d8df5e97a192,02กส347
fa0341f3-f119-4900-8ecc-8e48660474a8,07กอ10
32966a77-a78d-44a2-b7f0-cb90492c106f,02ฒก51
f5d80df6-3748-4fa9-aa58-e0750e3bcc84,03ก12
5b0f544c-d765-4ab0-8e15-a6ed37c362b7,08กบ570
67d1e9f3-3a42-44ec-8d65-da97827f5be2,0ฆท3
5e3b0e89-2cdd-4a29-844c-59811460fce6,05กฎ687
03964fe2-24d2-431e-bf95-568a81deb710,0ก8379
5642ea84-c39f-4885-b778-20cc9d016785,0ฌณ2317
0b3de110-b21d-46c9-9778-63732954082b,08กษ3901
0d8f8280-6a08-49ce-9233-8871e9c10580,08กข15
04a72c2f-0e88-47cf-b5ab-c4783b5a60bc,0กฬพ8935
1b98f5c9-3872-4f88-a32e-e8d833b56ec7,01ฒต498
3c4eef78-c028-4b54-9703-00ee2991abde,06กฉ270
40c29207-0bbc-4055-ba69-c5b694ee01aa,07ก985
0cf2b6ec-6205-4ad7-940b-a0cb955730b0,0ฌบ614
e4f08909-3b71-47b2-931e-ae5ab0b0c8ff,0กลส4719
f146f08f-239c-4913-b740-f2c04a9f7b20,
9d566340-a56f-438c-92ba-d657d3cde540,05กภ1
46fff82e-348c-4860-ade8-76639ed590ce,02กศ834
fc3f0c92-f743-4c6c-b627-1dfca0ed1112,06กธ418
eb656698-31ee-4b75-8d3c-4e43ba005652,0ฒว3982
909a0712-85ff-4d8f-b6dc-a8df78dd6f10,0ฌย498
1cae3ae4-8423-41aa-9fbc-539abfb28143,0ญฉ2436
d1d32ca6-d7d0-4888-bca3-156c2fe63101,05กต321
2915e96a-26d3-49db-b112-82aa24d2d953,0564กดต9138
032c425b-7750-4d7c-a7ae-3533a916914f,05กต2843
a46a6368-493b-412d-a412-e9a9004c455e,0กถ7208
e4ac79c4-7063-4eaa-93ff-9d94fbe7f422,0กณ148
2869570d-bfc5-4f49-9cb7-3487fe39e707,09กฆ378
8e74d449-0c2c-427f-b90b-f6d2f41cafdd,0ฒจ321
ca17497d-19c3-48d7-8844-52fbc503b787,03กฬพ749
3c88bc97-ffec-4029-9011-30bf2e85019c,0กฒ758
6001d2b9-9374-47be-9bb6-e15087ccea27,0ฮว8157
2e5ed66b-2e4b-4e7e-8f4c-a229e2894d6a,0กฎ715
5b5870db-b89b-47fa-b43f-3c7cd911d942,0บ7ร32189
79938489-722e-4ae2-b24d-f0b10f6b0b76,04กช58
90d43f1f-6936-4ab0-9e4a-55fd97950f0c,01กญณ689
df3eb535-4af9-403e-a1a4-0619c70ad198,06กต839
8c038549-78ea-4099-8022-b8c94fc41368,0ญช3470
83386925-7860-43e6-a9c6-d8090d183df8,0ฎฏศ4712
6fbee994-49d0-49a7-8bd2-3102678b6514,0923
70056eee-bc9b-4fe3-a2a7-b4c2c8043646,06กณฌ831
2eac09df-10d5-4567-8891-48ede7954bc8,08กน3062
6ab82147-965b-4709-949c-cb5ffe617013,01ฒน206
32c350f3-1d49-423f-9c3e-3f0e2b9f805f,0กข4158
25554697-139a-43a4-b055-4bc52e64d2cf,07กน4126
16ea8185-1c49-4665-a402-a11fb07719af,08กว546
a035a502-b3d3-4284-afe7-fe7be44ea9ce,0ฆฐ7206
b7e25dcf-4290-4bea-913d-08d3dfcd5f35,0งร16
efe839c6-7852-48b3-9a3f-4f76dd9d40b1,06กง92
d97e47cb-430f-4faf-926a-6f07ce09ec7e,02ฒบ490
06abf656-fa1c-4e17-8d98-11dd9c65d4bb,02ฒณ3018
f7210ea4-84db-47ff-8906-e011087e6958,0ฮย168
67674970-7316-4d7d-9f73-a27e45bfd50e,02กค43
5702a534-6f1e-498b-92ce-12a4e3eae59b,0ขว421
bdbf3577-4f6f-48d2-99c2-c0c48950ae6d,07กอ84
537fa374-7162-4db9-b7d3-d3c282cdf305,0กย138
de75d0f2-f863-4230-a4c5-bc762cd74e59,04กต16
ad2eb6c9-e5d3-4dca-bc24-d698d4871259,04กฮ835
600085cd-77d9-4020-b61e-9a680d3e2db4,08กฌณ637
3622de5d-6b64-47ef-aa69-aa6dfa2bf803,0135
6cd78a0d-9051-464a-adb7-08df50fe495b,01กฉ697
d162233a-79f7-44ed-a4bb-2f01243e7a1e,01ตฒฬ84
ba8e60c6-8cf9-4bff-9b1b-423af0296f84,0วธ2391
8c173986-204c-439d-bc39-6a464a7148ed,01ฒร726
569729e6-ca8c-4f58-8fcb-353a6fbc148a,07กข15
c723177e-09cb-461c-b6dd-87310cef35b1,0ฌญท8273
114f818c-b447-43d7-a582-b5af6eca2b0d,0กข956
89058fd6-f58c-4524-ab0b-db51a02578ae,04กส379
1182302f-ecde-443f-b166-2d83dffe760c,0ถฐ2837
0842ebf5-b76b-4292-b60f-9d8592cf62c4,07ก
0c328167-be2e-42f6-8d32-849cb936565c,0ถฌณง9058
58f106e9-b35d-4cea-9234-fcf10a236c9c,0บสล416
8a032568-425a-4cba-861b-4ff8a80774ee,01กบ398
a01e6c57-146b-48d9-a85b-4151e40eca54,0ญนมผ5603
75868265-4790-4f8c-b897-4928e25e91e0,03กถ692
9c2be114-e3cf-4d1e-82c1-ccc9cd753606,0ฆบ36
4bcfc36c-1dea-4587-86e8-b270a8be7839,0กศ251
e879c013-9d62-4914-bf07-dec28074b180,06ก124
c9a220d1-fdcc-439d-982c-6274d83f9475,03กฌณ921
14a99d6f-a349-462d-8c74-7458937aa591,0ฬจ81
ab8514e9-452b-462a-8fdc-d19aea420a4f,0ขฉ18
09c1eac3-27e4-4a60-9958-2289b472657b,01กฆ974
dad5f8cd-584b-405c-84d8-97944a7b5c39,07กผ9
15768a74-6a3a-40d5-a337-476cab0671d0,0ฌณฬ3
97530b64-2f9e-4d4f-ae58-d5ef2601f78c,05กส12
c3d68253-5a88-4c48-a429-c317b07cf725,0ฎฏผ9350
e1b79d39-a21f-4b34-9be2-1257a73783b9,0กษ59
f0cb955a-4e7d-423b-bfde-f6ccf787ffb7,0ญฮ281
6ed36c46-11b3-4793-9ed6-2421d09219a6,0ญว7ธ63
2ba35d3d-deee-4408-b292-ed27b8141242,0บทห8530
fc355392-f0cf-46be-a4bc-bf15aa728dea,05กร921
d8062fba-4d78-4b4e-bf42-abf3f06e8be7,03กต20
9ff9b316-0e0c-4a20-97cd-99dc2c425fe8,06กค73
096d6aa4-0864-43a9-9ed1-a39889d67898,08กบ2547
d22aba1e-e550-4e22-887f-ed3e4a106923,0กญ387
1f60d69e-1e4e-4311-9510-87e854953c96,0ฆข570
01cb5dbb-8f97-46b4-a05f-693e74baaeaa,02ฒลส167
9da93582-5074-43f7-9185-1b36202c06a8,0กข7659
ae5755a4-b7f3-4e90-a16c-1e6d363182f3,0กญ279
31fadd44-fffb-43bc-96fb-fb908d47d718,05กข17
c5c84a03-8ed3-40f8-9f08-b70e3c50a132,04กภ150
09c33fc6-64e2-4b34-b100-42d071ef78a1,0ญศ3872
84c53451-0595-4939-a807-11aea1726cda,0วต5946
3f26f77b-14d1-4173-9bf2-137ba4a0af30,01ฒม27
def23b68-1fed-4570-a40e-eb817983965e,0กฉ7450
f5aa8ec2-4207-4edb-9341-bfd9f8176442,03กข12
5c1f9b6f-1c8a-4549-a051-2b90fcca3166,05กต906
757aca45-0c77-4f73-92cc-b01929bd9bb9,05กร9826
8aaea046-5d72-4c67-9b72-64b82b23c2e8,0กฆ5120
f065cc11-8928-483e-90c5-629e67acc5e0,0กต928
10fe55a1-8944-4609-ac3e-ad603308bce0,0ฎส7523
faef4dfe-fef1-4da8-847c-8b3197744c39,04ก697
0e1ea74e-5851-410e-a85f-6c7cd5dc7eac,092
e3b61f98-6d2e-4d18-adab-af104e37d221,0ญฎฏ294
d76b6d64-5167-43f9-94b1-dc5fafbcdde0,02ก369
8cc17d0d-c204-482e-8524-84da6f0cf18e,0ขจ2671
0c7c506f-1ab1-43cb-b4a0-e246caf60188,0กค629
f4d32e57-807c-4af9-9e96-72755224f755,0ฮล81
3dab277d-15b3-4cfe-b5af-048f686af10e,0ศท261
5518b3af-0ed0-4a9a-af66-d84ea7845ca7,0ฌญณศค41
b6d7ef3d-3935-40f5-8583-7ec7ad50bc51,07กจ208
dcd826c1-7d72-4c1b-8f0e-5c500f444034,0ฆล3598
84b5ee4c-d392-472b-baba-f97aae7e5822,0ฌห7324
8f02bd01-4541-4537-bbdc-93346c9a1be2,0ขพ1294
db80c2ce-4c56-4953-b2fb-974d7d2de592,05กฎฏ13
92a86ee6-d15f-4d87-8fc4-d49a1bb35a71,01ฒบ596
73e61ecf-3c6b-43b2-be4f-2865f3876571,0ต45368
420f2389-d533-4576-a605-862a50c015c1,0
fa3691f6-b864-4524-a3f1-c1cce77b0f37,0ฮษ409
05790946-1294-42e3-af59-34955748b1a2,
e926d4c9-1d52-4a88-b4ec-10a04656b0ed,0ก652
9f3a0159-404a-4cf2-be11-90f863d13e71,01ฒท685
661c39d2-aaf9-4d1c-865a-7a46c70a0f9d,04กถ5103
e8bc887e-c419-4bf2-9575-e5289667a52f,068กฐ903
89191fba-9810-4925-b810-562f6ef2eeee,0ชธ591
c83d5781-0cf3-4d2a-801d-cb167e109281,08กม206
f1ca691c-85bd-48bf-862d-4f7b5594f677,0กฮ87
43e9c51d-010f-4f46-abad-a18b73bf5f8f,0ฆฒฌณ4957
ed04db00-e9c5-4368-90cb-54e6a75ea104,04กธ619
29662d43-4a0b-44e8-b449-22590e380410,0ชขย5716
da988960-01d3-494d-980d-fe64b5e8ad20,0ศร6789
4a1bc8a9-b94d-482f-9ba5-f45506b61caa,0ฌท9486
6230eb57-544d-4c1e-9783-289b3b6c3cc7,0ฌคศ71
834ba413-1e89-46e4-a802-bca8ff75f100,05กฆ1423
1fd5b8f1-bd01-4dab-b76d-87cae10923eb,0ง973
95b896de-9a68-48e2-b1dd-bed72076ec1c,0ฆฐ513
e4dabf9a-f36e-4993-b7af-59e21b910ebc,0กร7354
21ea1313-ff09-46cd-a61a-422b18029962,0ฎฐ594
cfe36ba4-9739-47ba-b33e-a945ad5fdd31,02กษ180
04c7fd8e-6bca-4f7e-a2aa-9ea54d50e373,0ชบ936
ff826038-a6fe-41ae-b354-f04a6ec928d1,02ฒ948
f329311a-1e25-4382-a864-3050e12fbf57,04กฬ290
cfafe9eb-5351-4b4d-98e6-41054e874aa7,0ญอ329
8637f1d4-55e2-46f3-a1f8-ad0630631486,0ศง63
e0ec6ecc-631b-412b-ac8a-ff0481d1ad1a,03ก51
10708810-163d-4e02-9a6d-c7482ccf05e0,07รกส5
cf84e2d7-5368-4fe7-8682-3786a4a812e0,05กศ396
4413269a-7269-474b-8897-7bee70cd53e0,0กผ207
27598d5e-b2b5-476b-8295-e99d0ac42fb8,0ถร2
f331bfa1-01ba-4a50-8fbe-3b8dafb3eace,02กน43
b27fea57-99ab-4929-b61a-487d4ab1028a,04กร956
7cd35062-4c5f-4036-8d3a-baf9fa07c7b0,06กพฬ5237
24f4caca-2f04-4e55-9281-ed20710f4053,0ขส3720
4c618bcd-6415-49eb-84d8-d7bb56b72beb,07กภ436
639e09f6-d8c9-4e02-9386-711b9f62e835,01ฌณธ589
a96ac898-65df-42e8-a3b8-2e0d601649dc,01ฒร593
6bb24f6c-bf08-4275-9d28-2f9444ddd815,03กฉ4187
e893a617-889a-40fa-bb3f-42efd2f4632d,0ส78
d06896c2-e74f-42fb-8871-3e393d22f680,04กฬ261
58d423c1-b5d4-4a15-a61d-ef4fbfb5b7e7,05กจ789
06a7bb5b-3d53-4670-898c-c5fe8ef9e77f,0กฆ17864
cd215b41-1cb2-4aa0-943f-0fa51cd594c3,08กณ74
ebe48d90-85a8-49b1-9962-d88a331b7dff,05กม7184
c692a944-3b37-4851-ad2b-8806630fc7e9,02กย3560
42147b73-6915-4bfc-a270-d041eab1fbf9,03กธ915
87ad4bb9-681f-4c1e-9c99-75ed006b4c5f,0ก681
4c6040df-e3f0-475f-bc79-ffd57d1dbfc1,06กฐ571
efb3ea19-5888-4d2e-90e8-28f2c3beee77,05กบ6728
458e98b8-6cd4-42d4-9c82-fed15b5bc37b,01กภ406
a5d634dc-a0b2-4158-95ff-c8f623645688,04กฮ162
44dbdd85-686d-44dd-b1bb-4637df388075,01กฬพ57
578e0e79-ecfc-4e82-88a6-2d7193dfa39a,0ฆฒ94
42f527e9-1f0f-4b31-93ea-6b539104172f,0ฎน914
4b5dea2d-da99-4938-b082-f35903847840,0ฮน276
405eac7c-63b9-45d8-9cc9-8baecba2343b,07กร956
5d419424-25ec-4a99-9818-946254fb7c6a,0ศค14
d2b24c6a-be0b-4786-88cd-9e42b852361a,04กพฬ21
83853c39-569f-43fa-8ee7-35122ef5ade7,0กภ345
ba5a11fb-66aa-47ec-8b1a-cf1949a331c7,03กฌณ578
79d631ed-34c4-4d41-bd9f-2de6b272a697,0คศ39
342cbeec-9f24-4535-b6d0-c11dd458f22e,0กจล65
9f6989c1-a7e6-4d19-82d8-2cb11e03f313,02กทห054
d0889402-20c7-4575-b236-137d6cd4c76d,05กฆ24
312a9664-0ecd-49a2-a6ee-2abbf4a76986,0ฆพ56
d88f8f6d-dd27-419e-bb4c-f9b29d78dabf,06กตค582
1363b622-4ae7-47f0-a1f2-6483dfe294fd,0ฎฏฮ817
4d80f329-a897-4b4e-877f-f9277095246a,0ฆม4695
6a53be6b-6b8c-4a73-9013-cbb4d34b8e49,02ฒฌณ513
49544ce6-c62f-44bb-806d-a47d610fdef0,0ฒษย8037
7ace11a4-89f3-453b-9bfe-e7409bd1f23a,0กล546
fa393f95-d6af-46b2-b421-2e8c10c0eaee,01ฒน495
038078c5-e0c3-4de5-945d-616633313bc8,05กญ68
6be7ec1d-8936-4039-9c09-e431538ca380,0ญท3125
a667026e-5bb7-4bc7-9ec4-b080e277d386,0ฆอ8120
7353668c-bede-4c05-9832-29e0f0aad2ba,06กง154
9701818a-8063-4f80-86c2-d775df2fc546,0ขว59
052b41bc-41f8-4000-b870-5c03f139dad9,08กข592
9a73cf22-2dd5-4787-ba4f-cffd6c5ed872,0กข685
6c2230e2-729c-4547-850c-2b23ff8abe21,0กล47
358c290f-d95e-4462-8914-e6f1fbaba86c,02ฒข8149
66af7684-8475-4bb0-8655-b36d683b398a,05กร234
54b65c8f-3cfa-4f95-9212-ece167382727,06กฌ521
c2072c72-3f05-48fc-a7fe-2998ddf90443,07กล8631
01309f53-1f0f-4e27-8de9-9c857bede3cb,01กล956
7662f634-bcb7-441a-904e-41cc208e0b97,0ฎธ867
595adad6-7e67-4027-a51d-74dbb18893ea,06กฬ82
f9bc1542-89db-4873-b95a-1e60ccbb0807,0กว17
ce67c6c4-981a-477a-a724-b4787891ae1c,07กน26
ad85fd11-7eb8-4917-9bdd-69ef9503be4e,03กฐ468
4e3e4ef9-05fa-4552-abdd-c25656c411bd,07กคต4012
dc57f12a-e1bd-4767-9900-03ccb26c227b,0กร542
4681b6e5-89f1-4c57-9741-5a8be5bc3da6,0ฎฏช217
33b66ecf-b6ea-4017-92db-c29d3363b86b,0ญน423
9e2e301c-5251-4753-96eb-1a1172f4febc,0กจ537
65e48985-5c1f-479d-a38d-4b1e14d60475,0อล459
3d158509-d24d-4e84-8075-86fac44edc74,08กญ941
ff4f1fca-0a25-40f2-9218-03c6a39f76f5,06กต217
346220f4-adea-4663-95a4-5915da7637b2,0กณฌ1893
dc4a5951-f7ca-4311-aa35-a9761a840eb4,01ฒผ789
c5e40657-ef49-4e6c-b68d-0d286ea33352,06กบ920
a3777297-cb82-4770-9e6d-b6f0a4237569,0กฉ679
93008cb1-5f36-41ca-845b-adc60fd0578f,0ฆต5430
a1c7ef51-2ba8-4ba8-8a1f-7d5b99fbd606,0ฆม4025
1b3412c6-67cf-41ec-9f65-be4e0a0db41e,009
ea2c31de-e164-4af3-b331-b5270e4559dc,07กข68
2c1daaeb-cb09-423a-b5f5-08a158faec55,01กษ673
c987a833-33c8-492f-9fe0-795276aec60d,06กธ735
de2f85c7-846f-431f-9f36-acb4efd5e44f,02กบ749
306f1a01-6f8f-4124-96b6-596655f1ebeb,07กฒฌ8654
9aa9680f-c80b-4731-902b-67ee50426a09,06ก532
3cd6a881-1a96-4398-8075-c0f84b714011,0ขช296
5d8357a9-024b-411e-8e55-4d65a1342123,0ก672
1390fd72-7845-48e1-afd3-559babf63832,02กข95
e234f445-253d-4508-b192-e0dd24a3a40f,0กฮ9128
96235387-658c-4171-acfc-4f573f1516f8,06กฮ7941
94e33945-5eda-4b02-a956-038c1336eca1,0นผ98
1b3ac1be-e31e-4ff8-88f4-0f9fe11e3b40,0ลต5310
a8493f0e-ccd4-4308-8d8a-24a681b4daef,0ฬอ8345
5b02f528-c451-4ebe-8372-f89fad414577,0กว7156
48db0199-15db-4c4d-9c25-8dbaf2dd840f,0ฆทห487
1cad6408-277c-4f04-aeac-7ea9366b4f99,02กท70
d067f42d-de8a-4b89-8fae-8d69ac1ee1e1,07กต1639
d2b70718-8aec-4f17-b9cd-aada9c002d83,02
fb35de2a-5b37-40f5-9485-9d318fd5d761,0กฮ693
ff43bfec-46bc-4c7d-a167-cf9deec8202b,01กน5
6701dade-1c9b-4acd-94dd-9df2e4308b03,03กค145
554b52ef-0da0-466d-84ed-efa75d812382,02ก0
cfa96cb7-d704-420c-becc-e4b45d6baadb,01กฬ94
d37438c3-3de2-4b78-94cd-6667b187b596,0ฒย269
2cc1cee0-bd62-4896-89a2-ed31b9fc34e0,0ญต5439
c57f8194-cf0a-45ce-a61e-bc764e62a44f,03กฐ942
676880c4-7b56-496f-bbfc-e2af4ecacb7f,032
04ad259e-89ae-4067-b5f6-02a0853c9e76,03กฌณ186
52af2be8-b540-4bb1-aa5c-739fd2a84eb0,0ญห581
29573694-1114-4bb3-a79a-b3df30360e61,04กต3610
3ec7e295-09bb-4aac-89f8-183854398228,01ฒย938
a1f21412-2dd8-4eb1-b162-29cb1a3b87d1,06กธ190
f95e3955-8459-4bd9-aa45-33199b484033,0กฌ290
d5423d26-5026-4bec-b032-6385bf188d47,04กฎฏ3062
a5496c04-83ec-4570-b47d-1df47f052184,0กส5023
28767b9d-722a-44b4-94a4-015a879bbea8,0ขจ752
bf7dd836-dcf6-455f-bff9-6901df9bae4d,05กมน04
97c65f4a-55e6-4cd3-a61f-fb5594f61a13,07ภกร25361
a2459f50-5531-4dbd-a018-1b4d26bc4ffe,03กฒ640
8139a263-58a8-4d52-b650-165293cfedbc,0กฌ5281
e98bb17e-5e72-4c5c-989f-0583476f3724,08กศ326
b5be58cd-98f1-404b-b87e-7ea657c7285e,0ฌว539
4edec71f-458c-4697-b102-05fb083293c0,08กร5
09ae32a1-e9c9-4cc1-9df6-b34352c6b374,0ก59
5cfb682b-92e1-4f92-a21e-25450cf4e95c,0กษ98
c49b5f36-dc29-4d35-81c4-c2565ab0308f,0ขก23
9ead2257-039f-432a-a927-52362c9b8091,01ฒส762
c341455b-a845-48f4-bda5-a98481b4a52f,08กฏฎ10
2138b414-a81e-4ca8-b5aa-06bacc4ba61c,01ฒข95
390cae75-2c87-4e4a-8a34-aab3aac9311c,0ญฮ508
1c1eceeb-2ec3-4628-a0a2-4cad07e941c9,0กฮ876
376be3ac-3bb1-41f4-86c7-3545c97e9ffa,06กมน189
2aed2c6e-5ce0-4773-a433-7c19b273821f,01กฬ507
fbe083eb-e7d9-4f88-bc2d-3eca2cd5da22,03กฉ69
a91dc6fe-530d-499f-8f6d-1722d0b17f2a,02กฌณ7901
6b81bdfc-0b33-4cfd-a94d-0b0ecba0e125,07กต829
fc2a0cfe-68f6-4c64-b668-60628a21d1bf,07ถกร19864
3a3f0cd9-1832-4668-9f83-168abce63937,0ชขผ234
5a9bea26-a321-4fbb-9447-3d791f607efe,0ฒทห2635
fec7473b-81be-4f05-9a81-109d8e842ac7,01กร86
d211dbfa-b514-4694-97ac-647e529b4d8f,02ฒจ189
7fee245d-4b35-4d57-8983-1a9717dd0846,0ฎฏฐ37
3579be7c-8ab4-4e6f-97a0-40ddb13c2f3f,05ค20ก7
b8cfbd33-dea4-42a3-a054-5c26d6a03d57,0ก768
0919cd5b-0804-4ea8-8c9c-088a31a89f26,0ชห512
c97099dc-1b30-46c8-890e-fb2e85c1bc58,03กข8495
1de774c2-9406-4371-8162-576d63a0d088,08กฎฏ263
bcebdada-e037-4608-b1cf-414ad74f0737,02กบ507
5660a5e1-a017-455b-81cb-cf9c2260b097,02กฆ794
4dd34447-b061-4b0b-9d5e-92e8456e61ba,0ฆฌณ73
cf3a23e3-863a-494e-af73-b7a158055f1b,09กฐ368
94b5f3ce-4b39-4839-a0de-367418e4c01a,05กย21
99f9c46e-d7f0-4c78-b631-fcfd7883bf6b,0กล342
314263ad-5e1a-4e5f-8945-065c9e08d50e,0ฆน39
70faf1ec-05a2-461f-9283-ba9d27a80ef7,0ขษ98
ed331357-cf34-4ab4-8006-bd0bb1045ad6,0กฆ6318
2ff01aaa-b2e2-4ba4-89ae-9b51d2cd049b,0จข59
e920a342-c23c-48c2-92e6-c28315650d41,0กท19
081856f2-9bf4-44a1-bbef-7a4aa606b449,06กค321
9b4aa8de-d0ea-484f-8c9c-72daade43e66,0ศช810
ecc6ae12-df39-42bf-991c-05d76bdb7d6b,0ภง6
e7b4dcbc-41c2-4d6b-b371-fafaa69b6ac0,02ฒธ731
51a8eb1a-0165-4544-b5fa-e81875d9cc12,04ก592
c9587ea0-a94c-4914-b9c0-41364ee9fc22,0กภ508
048a93ed-ea17-458d-8309-11a072c6ff9a,0ฒญ623
73f8e30a-17bf-42aa-add9-1b2a0b3e4199,03กข108
6cf9a56f-2cde-4f3b-9e7b-a7cd66169118,06กภ305
6943c144-904e-43b5-9190-36de195a4356,0ภฐ581
6022a75f-a62a-4de4-b343-665421c06887,0ญฮ269
c8e5f72c-0b43-4702-87d4-5e0a15ea0914,02ฒฉ834
172a7977-0f37-4d0b-be97-a4992c497489,0ฮยษ3495
0c31b6fc-ecd7-4877-a0a6-7b59905c62cf,02ก13
6f8a2508-e773-4118-88a0-ffcf8ab28ce9,0ฮย81
0a55978a-403d-410e-b8ae-1ec606f57a1b,0ร537106
f2d56432-4167-4f83-b06b-4c6e02df4aca,0พห67
490b6d1c-61ca-465d-a93a-854fa4789df6,06กมน04
e0e93000-cb7b-45cf-a3ed-db6e47c68a2b,04กบ1267
4322e725-19c0-44e7-b319-ba9571819a6f,038กคต027
98021200-107b-4bc9-a3c0-df854938dfeb,07กจ802
5b63f888-f89f-4ea2-9919-6a681c1fc394,0ฒภ8956
073305bc-b8cc-45cc-b588-b3fb1f91ffc2,06กษ37
0b81a020-2cb2-4226-9112-98ac115a86c6,0ข589
396fbea6-7f64-4fb9-8db5-f0d43232221c,0ฒถ7816
b6a56df7-70da-4cd0-9d32-63f78088c2a6,
8d0b33c6-2e83-4b21-9d22-0824891a769b,0กธ651
ca44fcd6-9e7b-4da5-b323-ba748204ad51,0กข9486
c9d9eac7-346b-4e9b-921b-561f08b1c0d7,0ฎฏข7890
14bf2cb0-397d-45b8-9567-5d1343334e5f,0สษ7821
0abb5356-c1aa-4be1-a3aa-3661bd6813b2,0ฒพ172
dad79cf8-01de-49dc-9119-65330dee7b43,01กม609
537e2064-f61c-4e30-a94b-1e374b4a8fce,0ฉธ168
b6e92a6f-f3f2-4c5d-b49d-c296dfcfa61e,0359
c63abc71-9d30-4379-9481-cfe44b2d06d9,01กม39
c5daf754-a114-4990-b6ee-b0e527faf7f4,0ฎฏย26
ed2bd8af-8b50-468e-978b-0d003df94ca1,07กฌณ806
47603b19-178e-44a0-a61a-0e9b9a4359ab,03กล9786
39ed1f4a-6d7b-48a2-aad2-3ea6fc1047d5,02ฒ9547
c266ea8f-03d6-49c8-b4c1-cab614e9f8b5,0ผร9153
df6deb31-1591-4733-9caa-7fb27fed71a6,0ข635
aba9c490-e0d7-48ce-af37-02cdd320613e,0ฆร623
351a5ca6-ab1c-4891-be74-07debf154c3f,0ฮอ5067
f5e4b2e8-b35d-453f-a073-0c6f10d1768d,01กอ426
1dfb543d-4c24-4bdf-8971-460bfeb50e6b,0ษฐ106
1d891f87-b3f8-4490-91d4-28d67515c3e7,
b4a2ed83-b8c8-49db-b67f-bd06c43f5138,02ฒน1938
ef8a0e22-4225-4fce-9bb8-467b124afc30,0ฆฒ9025
c9923797-9684-4a6e-a39a-f9496c158079,02ฒมน173
b66d5754-5509-4aa6-8e57-61dff46ba202,0ชอ130
b1e65539-d096-4c6b-be1b-17e3b7d55c1f,0ขห689
4f16f05c-d2c8-4028-9610-63eb482bd022,07กต8910
36f6df76-9003-4609-b731-1951ab2d8538,0ฆต5837
01abffe9-c0ae-45c3-8389-7adc8ceec8ad,03กญ819
b3ffafa6-5abe-4f92-ac00-2ab8c375d3de,05กค87
314e7cca-ec41-486b-9c98-5816ab0e816d,0สน459
392aa02d-e855-4a77-81c6-38095c14da4d,0ฒก926
f670b090-5345-4b8e-9d6d-c43c34e408fe,0ก235
a7e55627-894d-4052-8d98-adf68a55f0f2,0ฆส87
aede67a5-69e7-4ee4-98bf-b06e45b20e90,07กข36
3dd442ee-530a-48e8-ba5d-2fb6f6269c9d,02กขช516
d5b2b1b0-22c7-492b-9e67-27218c9c7c10,06กฮ172
61f00b49-cb71-41aa-b383-ef4f607787db,0กฉ4509
c6d989aa-dc13-4362-b4ad-e942a296c30a,0ฎอ671
26ea4e7b-beba-4ebb-8323-e108570d9ee0,0ฒษ8037
0b8dc015-b478-48aa-ad6c-4f4d2c576244,0
38f7c25e-499a-45a7-ad51-801dd60bb43d,03กฆ90
a60a7556-bf9a-4a76-a5bb-b5881950bb5a,0ฆก5826
57b71c31-af0c-4aec-8e78-8e1b744fd465,01กฮย964
23f5e6cb-4a78-496c-a196-878b1ddd55a8,07ผ5ก3
28147cdf-9442-4ba0-9dfd-058722a0b430,0ก0
7126ae63-dc07-45b9-87af-92ba043dcd41,036กฌณ924
f2dca6b8-f354-4e1e-8976-f8a71be48f4d,0ฆฌ50
11c4347d-9247-4c18-a366-725753294a8c,02กญ417
0f8d0991-7a0d-4790-9b34-3ce2ba2de890,03กญ542
9e5e3b17-8bd7-419b-ad10-cea6567b9693,0วต3869
6984d90a-b791-4acd-8676-e6de6e2276df,0ฮษ281
ea7802a4-5ac4-410d-8bde-fdb3d708c3d2,0กฐ385
51e493ef-6385-466c-838c-4940ee6b9a3e,01กญ3429
3c995414-8024-4b45-9908-7e0327841429,0กร1289
307dd713-feb4-4e2a-9fc3-f2d1bea4a626,08ก9ร5
69553b33-6b1b-4412-a07a-7e8db5d30d87,0ถ56890
a311b676-10ec-47bb-858f-08e29df5af67,04กบ62
7efe2ede-07dd-4e24-b692-61e9f18798d7,0ก369
bbcf4bb6-4bcc-485f-91be-9db7b7599ba2,08กต20
d2deb20c-2872-442d-93a9-5eef2d7307e7,04กฉ893
9ad7ca2f-18ed-4219-be4d-27b0c94ea0eb,0ญน90
ca0375af-3206-4627-8a4b-5e3e7ec61064,02ฒถ853
cd66c02d-d1e9-496a-bb46-9e0517f43eb3,0ฆขช925
c01507d4-42d9-4bcd-ad9b-028eab3b2c85,0ฌญค9718
40001e3b-019a-45f4-b8f5-02080e2afb01,02ฒญ759
33576167-dec4-4570-85b6-0eac60f4ba53,04กษ512
d8782175-4356-42b5-996f-83009e41d006,0กม92168
56494b7c-1048-464c-8181-ee44cf1b7ace,08กว06
99b67b13-bb18-4de7-8bcc-dbb24a2dbdef,0กย3849
9fd9fad7-ab50-4026-8774-e0e5e48e8a51,03ก791
3f5fee33-a640-4e5a-9ce3-fbcf4ac5bcd6,05กล6387
1da8b223-58fe-48ce-a4c1-2a184eef9b0b,0
3910c3af-6de5-46f0-b30a-d948fc78cd79,0ญย671
a44e36a3-b9c9-4856-b841-11147d2830fb,07กย2451
7fdc38c7-095f-446a-affe-1c9860e4edcc,0ฆร83
d527bc16-8c98-44da-b11c-fdd890587ee3,0ธฉ4
ba57044e-f90c-4f43-a058-1d3f2deebabe,0ฆถ180
580a1968-0360-4575-87a2-eff12f41d488,08กฬ21
f8c8daf0-ad8d-4b21-b9d2-a2ee6541ea3f,0ฮพ91
0e8a7b28-f124-405a-baa2-e412ac302e7c,0ศส5169
f86b2ad4-b093-427c-abf3-483841df75ee,01ฒผ740
ed00c529-2982-42a4-96b4-a88fe6930d6d,03ก6279
68cc2042-a8ca-49b3-beb8-33d38f30f41e,0กธอ
de34f0e0-fcdc-44f6-baa2-6f4580fc4475,01กว204
56036d84-e57f-40e3-beb0-c247ce41110a,02ฒธ65
0cf1bff0-fc36-451e-90b6-c0510e2a23de,06กนษ931
f582024d-0014-4286-8c26-f1e2df147081,06กล9ร7
96178ff7-0cad-49b2-83fc-c8f19df502a7,08กษ43
d80eec6c-22c0-4c45-93d4-ed8f03bddc2e,0ฆผ146
db213535-5f4b-4227-a293-7b34f0b91fef,07กล9352
b20322a9-89dd-4593-84d2-3ac4aaa09ab0,07ฐ92ก5
a25c9bb7-53fa-4403-b052-238472625ae7,04กร597
1a3d00f1-b2e2-4b01-a78e-c6ba017698ee,0ข487
cff82c75-2237-42f0-bff7-9020968e9d28,01กฬ3059
b81efea0-8941-443a-97a7-41fe474ee791,0กภ8756
033a9d1c-227f-49d8-8f0d-f9867cf544fd,0กน186
fc9340e8-fbab-4d22-a5d1-ea020ebf9e26,012ฬ90
4349008c-97b2-45ae-8440-bb15254a41b6,0ญภ963
83fd2b22-43b9-4fdc-9f32-bf6b82b5df3d,0กต586
810396fa-359d-4bbb-93b9-49940a3b40ab,0ฎฏธ350
f3b144fe-e6b8-4d3d-ab2a-e689958ce213,05กย390
6d71714d-1aa6-479e-8b89-13df69cd81cd,08กฉ531
c4bd733e-4e6f-4831-bc02-c78f069079f1,0กอ5179
dc9d10dc-a3ff-464a-956f-9d8f3f8f3e7a,0กค7852
22f2b45b-68cb-4e72-9244-a97cdbe68beb,0กร4670
953fb301-f7d4-47df-b937-c12f642fc8cf,0ศข901
7a94a8fd-ca05-4fc8-bd6b-90007e273a5b,0ฎฏ436
9b637ef0-af63-40c9-a058-1b29255104fe,08กฉ735
875570e3-6ed7-412c-bb63-45ab112269bf,0ขฎ5849
a20e4b64-d631-422b-907a-7ce434df1bc7,01ฒญ80
a60f3b34-ca76-4a26-99e5-fefaf9e18927,01กบ539
d1aee9be-1186-4df4-8316-bdd6e844659d,0กต659
2b7109cc-3963-4bbf-b5f5-186cd3b09064,0ภบ8
c7e43b60-2249-4c5f-bf25-2a1b5bb881ce,0กน314
43596cd4-913e-457d-aea7-90efa52d8dd3,03กฎฏ05
89db5331-da69-4c2c-836f-44b9fbbeeaa8,0ภกฎฏ263
58fc0f66-ccc8-43d1-8304-7434ff5dbf8c,0ฎฏคศ7986
34d825b3-812a-40e1-ad07-6f970c59df3e,04กจ815
4e1bde7b-331b-4807-b96b-feeee0339301,0ฮว3954
18fa3f2a-ca8d-49f9-b811-32835363648b,03ร1
3e3336c1-a889-4f41-8766-fd52d061d757,08กฐ4
07220ec0-d015-4e1c-b4c4-d857d95b3862,0ฎฐ524
b3b607f5-d7a8-4c68-9afd-56029bc22176,04กษ302
f15c5218-b9e6-4277-b84c-1aede8edc810,07กธ415
556da69c-4c6a-4dce-a618-800bf9fe7e9f,0ฆถ6923
ee281843-3c83-4544-9773-cd5a67dc061c,01กฎฏ49
571a7d0b-9c16-4579-86b1-11ff51405f96,03กธ21
33da7308-4df2-4f4e-bff4-61423aa44903,02ก415
6d780b26-706e-4c89-a961-d5f2a5fa2adf,09ก28
97b15690-421f-4392-8c19-6f484e088603,0ก0253
89c86d2f-d874-45d6-9695-624f34e872ec,06กศ02
c9939380-0c7a-4a7c-9efc-a6cb5c4929a8,0ผค810
7b690437-bf6c-42cd-b1d2-0b1ab22a9549,0ฎฏว258
e86003ce-fc66-4f0d-b8ca-b03dbca3130b,0ฆง159
54a56c64-420f-4147-8bb3-c7952fda060f,0ฮษย9562
a1e187b5-ac49-445e-922e-828c09ed0425,03กฒ678
b749de73-70aa-429e-82f6-87e5ad19a588,04กอ630
15acf808-9c8b-42cc-9acc-f7f7272ca6c6,02ฒข519
0acf6898-7d5a-4466-9954-03e59326d49c,0ฆท703
9adc9285-1887-45f9-ac5c-0307bd882cf3,0กค869
500ccfd3-5ad6-49ec-9bd6-de18ab2073b7,07กธ852
3a015988-0a29-4a2c-897a-46b06d88bd32,06กย4ร7
2374fc08-2616-4ffe-80be-a3be6e4782c5,03กง597
3d8c65cf-44ec-467b-a6b2-4f28c0d887af,02กฉ190
a6a37a7d-22ab-4b38-945a-689515a534b3,02ฒฬพ531
5b0b17f6-f5d0-40f9-abf1-f236eddf5141,04กค571
5ab43551-cbb0-446f-8d20-896ae233e318,0ญฌ351
27e31316-4b47-4125-a4fe-348a94301d65,01กษย574
37b78b48-c4b5-42dd-b0f1-f73756ad4ea0,01ตฒข35
55c53a34-4948-4bbe-b567-e1b2808096ee,0ษย92
07340829-016c-4b86-b1fd-6d993584862b,07กภ508
4230c533-e8da-4147-9b45-4d9b17453b7a,0กพ490
d0273c69-c019-461b-8e82-956239284aaf,0ฎฏม67
b0425a81-ea6e-4555-9e33-b16ecc6378f5,02กญฌ548
4bc64b63-38da-4901-b5ec-aab9a2559517,0ผข287
e3057277-d2de-45be-a5d0-303e41a4cd20,02ฒฆ7461
dcbd6e82-de56-4567-a28a-ed7f03abbb9c,0ฆภ1468
bcf4a76a-f51c-40ce-860b-7139b93415ec,06
6693bce9-e43e-41f8-a1f4-0b234118dc55,0กนม362
dc355e85-da01-4719-a778-df7ccd4e7a5f,0ฆศ64
46bd449e-ffaf-4070-a319-2a71d9ba8401,02กศ9186
0b64bdba-00c8-4e57-9dc3-feff06a3b393,0วฌณ863
7e67c3d7-0de0-4244-90d2-ca0af3eb32bc,0
433ee8cd-84a9-4ca3-aa18-587639f0daa7,0ตข50
1e66f21a-92b8-4a6c-9d0e-f73be6f2099c,07กส02
8610bf02-cfb4-4a7f-bc16-74bb0fcbecb7,0ฌฬ74
a9a961e3-c630-4a39-824a-a1163dbcc984,0ฎฏล85
b3c9ebfa-452a-4c73-87d2-7ed042345755,0ญ892
5821d23a-f7a3-4db2-9c26-7c088fcb31c9,0ภล28
a50644c1-953c-4acf-bcc3-fed643431cab,0ฒจ257
8773b6d1-369b-4eda-8b17-ecb9f929eb86,07กบ162
ed0af35b-c341-4f06-9b51-ee55d84c55fc,0วอ51
b952eeae-49b0-4065-b9ce-ae033d0e3e44,0กษ742
5dc6eab3-1d75-4038-9f48-cb47435e0fe6,06กข810
60cab7dd-f7da-4b99-9051-8175bb49ccf2,01กส2
563e1163-390f-4873-a743-ea6dccd111a6,0ฐทห4960
4070da33-c319-4381-b954-ef698ab57817,02กภ371
ab1a2023-aa6b-4747-b14f-dccb6c401b99,05กธ843
8b62b0a0-ad7b-4faa-9938-af105ffee988,08กผ57
b5f49296-2d14-48f7-aec2-4ca447e0da8b,0ตม46
f9f6d319-6a6a-4260-9060-7253ce47d025,0กญ7289
9274a13c-fd98-461a-bf5d-039ecdb0ae7e,0ภง957
2b10b089-1b82-4efb-8be0-9a3aaa7f2d82,0ถ472
975858ec-f98a-4909-a088-9f94e742d4d9,05กย78
f4752ecd-38e6-4628-83b5-9aa763597f2e,05กฒ491
8e3d85ff-d338-41f4-bac8-12ab99357ae2,0ขอ76
a1df0c27-071f-436d-bde4-f55d045cdb5c,0สจ5381
4e0e95ff-1247-43a6-b8b1-1d83ec546f9d,03ก657
c3cd1eef-0ddf-4b85-9ed8-54ad8c801df5,0ภร849
87cff84c-f7c2-4f65-bb80-e72a3a10d8ba,06กต432
789f3599-ff4a-496d-9765-a28488d0fc9e,03กพ1865
e1fa15f8-7edf-4f56-91e0-5490d8bf509e,0สย7210
56306daf-b9d7-4012-96c5-530b7b5698f2,06กส90
191a1077-3f97-44ff-8af6-6520cb0eee95,06กภ487
db7bf4af-94db-49f6-8d15-21886b78972b,08กค2106
8aae859f-cc56-4edb-83dc-0ad125c13a93,02ฒง73
cd49e1ba-5431-4b1b-b8bb-942f0a7dc2fe,06กร237
7f059a98-9cf9-423e-8f9b-317f019169a8,0ฌส45
ecd2b0f0-252f-4292-b710-b0bea081934b,03กม67
62d14c71-ff97-4892-9e15-e6cc8135a6f0,0ฎฏณ61
32a2ece4-7652-4ad3-b890-1d36a34b5995,02ฒท8394
b9a0ce27-cacd-41ec-af07-bc2cbab911f3,02กพ834
d6ded576-98cc-4500-ac1b-7c55eddd7946,0ญธ350
f9d1c2a0-7a27-4ee0-8027-677ba7c5f270,06กข721
51034a08-3a50-4aed-9b75-67fde70d9aa1,01กฉ52
331e070a-84cd-4e66-bd9d-bb7b6cd1608f,06กทบ195
17357dc3-a821-477c-bda6-4051cd160ece,0ณฌญฮอ194
9acc3286-ae0a-4ce2-b107-769982bd00f2,0ฮล24
2e77a40f-53c2-4e06-90bd-68580844f453,07กผ1980
561fb947-a0bd-4810-8eb7-784da79bd9d5,03กนผ72
2f0fa7cb-917a-4c1d-88e5-c83b4c03710b,0ศส1239
f3424f3c-1ef7-4a0f-a42b-97938b3821fd,0ฮว52
5162e012-8db6-4887-b14d-e141de46e1d1,01ฒห507
d9e9ab37-f062-4efb-941b-5e83cc811f88,06กฮ175
0008f18b-bbde-4cc5-92a3-b8a340484eab,0ญฒ21
3e3efb42-bcfd-451d-bf9c-24e09afba0d5,0กฉ354
46b09e49-e4c3-4970-af28-03aa76eec005,0กฉ4238
27198536-1bb6-4019-9f00-40aec32d3d0b,07กมน3695
bdfdda21-869a-4cec-a64a-ff478ca989fd,04กฎฏ196
c3cbaf8c-f29b-46e5-9b86-a8a5c2322000,036ถกฉ54
3a7fd159-1a12-42a3-9d73-78b95661b1e5,0ถศ509
1b18ccc7-313a-4852-92bb-3d1e32da620e,01กต6
15cc164d-5698-4403-8b51-6580d74729bb,0บฉ26
edc52194-3db9-4f07-a195-972c472dfe95,0ชขศ39
f95672bc-d5f3-4f6c-990f-d67b064eb098,06กส150
0a2c85c0-f2b0-4a9a-aa03-5f7601941ed4,0ฆท241
28de7e3e-842b-43ed-b396-aeb343495d6e,01กข9385
4d504baf-981f-484e-8e5a-20ab3623f846,0กฬ645
1a2d633c-4ce4-4fe5-8410-e7d0f1504cb3,04กม1593
f2aab985-63d1-4cff-809e-74fc0af3789b,0ก378
1c7a2906-05ce-4cca-9c10-5fc8811387c2,0กร4567
482e32ef-9e48-4d4d-a0ee-be2e315c28d3,06กษ154
19041fc0-0c9c-472b-8122-081510b84202,0ขผ7458
24db62ab-9947-4c1e-b5ea-e63d773eb59c,06กฬพ82
9e641631-2e14-41c3-a433-3478e1f34c1d,0ญน89
18fec034-2faf-4f68-8606-69b2a5b83952,0ญผ67
67b1c18f-393c-4c53-9943-ffd475f85c62,07กอ93
3208545f-4ae8-4471-945c-c315b582e2d0,07กพ452
4c099125-41e3-4518-9e79-185055a59eb9,08กต924
925f2758-f654-421b-8edf-74d929d39d49,05ก9108
dfb15598-f6b2-4d47-b1db-2dbd61ad8cd5,0ขทบ9068
9ed85de5-6d33-49f1-9fec-0c449e678c2e,07กฬ85
df803d69-2ba0-4289-9b8c-d54e74fbb966,0907
64b83442-375f-4cb0-9c06-e2c6434393e9,02กข91
ef5fb8fe-01e3-4f18-b31e-7bb165ddb4c8,0ฌจ351
80e44182-7fa4-4a46-83d2-c1c0122f4966,08กฬ365
6351b3ce-1b76-45a6-9564-cc6ac1f9a9b4,04กบ6580
a7e4d671-bde0-4737-85c0-34acfd7418d1,0ฎว784
d2e0c9e7-f051-4736-a1cf-fb829a5fc7ea,02ฒฌณ9750
6e22961d-db56-4f57-81a8-81af5a8b6bd9,0กข8765
a314126c-b40c-4a56-80b5-52cc40bd1a0a,06กผ38
226d2457-3bf8-4392-8fd8-34ad0009fef5,06กฌ92
5adea058-2c43-4041-b368-3bfb8ce7ecad,0กว895
81ca3df8-28a1-4036-a26c-b9264d27ce9b,0ฎฏธ5076
3bec67d3-268a-451a-9544-3fe06217b498,0กธ632
5eebe322-f479-4085-80de-66cdfc8a9847,0ฎว5826
987a4f4f-ae91-43e9-be79-65921d61d644,0ฐธ10
9f49f47f-16a8-4cb3-a4af-fd66c5414d29,02กศ1675
8002191a-6890-423b-bfd6-63efc98312ac,08กฮ7456
b6ccce39-1481-4cd6-a0c0-bd015e3143d8,04กษย621
a6b6fedf-6b2d-43b3-a347-3797782cf514,05ก91
dcb3322e-c2b1-4923-9442-5aaeb4ceadba,05กค26
173da6e1-c4d3-4f00-982d-46edcb9400bf,07กฒ649
e491cbce-27b6-4b7e-8024-01fdecdeba98,0ก036
52ccacf5-8c83-46aa-8b1d-14d8baa03f2f,09กง782
08ba45fc-c8a1-4d1c-bbc1-5e7009f8e61e,0ฎถน509
961bbdb7-4540-4493-9944-d51430d738c5,06กจ57
bcf1478b-934b-4605-a0f6-e2d8c199a6e7,06กฐ7813
72c85700-d6fb-48e2-a8e5-b30a5823d016,01ก345
3ec0ebac-427b-4bee-8930-e0b167b919d7,0มฬ396
f7a326fb-ab9d-4c5a-b460-fcb06f10735f,03กท4816
2ac7bf88-5f03-4883-b4d9-809f76754f73,06กธ74วร2
40ce3532-7226-4a16-aa4e-15853397b677,0กย904
da7b5016-c9e6-4559-a805-fb95d86e0a66,05กษ168
0b6b7eec-b26f-407d-86f4-41398dc518a9,0ก807
8eb41492-4be8-4c1a-b4fe-3a3f3c5f82f3,05278
677cb5c1-3392-405c-a8d2-6a2a9eefa29e,03กฆ6785
3cc77225-7d79-4bb3-9cb8-73298c12249a,02ฒณฌ9148
4ce748e2-8b48-48c3-a30f-00f52bc20a14,02กข5716
a6e2be0f-0ee0-443b-947e-7f4cd14e80fc,02กฐ78
0086cfaf-4a7a-4421-838c-d37572aafc01,0กภ685
11472e79-5f48-48b7-b403-5d086de888ee,01ฒถ78
109427cf-136c-4db2-a07a-37817cc2f389,06กอ539
418121b2-a0a3-4e54-bb98-63b4fb86cca3,0ฆอ40
81ab5e3b-cb5f-40e8-bcad-93f9a58a8d49,04กษ839
d1e750b8-5648-441d-a457-82d61bf6d99a,0กอ2913
980a9092-0b78-4587-9073-864513435a60,02ฒ154
ce39afdb-69e6-4b02-8ba8-3c7b94e65852,0กร42
c0f6d05a-e062-4752-aa6a-bbc4d2751b63,05กร132
d739b468-9d29-4ce6-a9da-6e5dae6dfe67,04กข7831
79b5b7b7-24b8-4cb2-9866-84936da58ab5,06กย437
a857573b-6166-41ea-a93d-fdbfc9fd5c2a,06กธ1930
fc0c6103-5370-4cc7-85b4-1ba0ffa1bb86,05กฐ6049
66bbf7b6-bcf3-4181-95c9-361eeba99b9f,06กถ783
50db5f92-f319-436b-8114-a826d57e45b3,06กน75
0e20d0c1-8597-493a-90a7-9d9f66e8f10f,08กฆ20
60396ef5-6545-4565-ae20-fc3ce1f0e148,0สท267
cbbaaf69-3da1-4c72-a432-1e520e284c1d,0ชขต128
1b4a4aae-27f2-4b0c-87ae-597b13bc726a,0กถ5492
5107b047-4d20-4a09-880e-ab2ad1f552af,01ตฒฆ936
55d0b14e-31de-4fc5-b4a7-3c12481d98e6,0กธ36
09d017b5-6da2-4245-9aea-f63ed7a8ac23,04กณ176
6e9dbbf1-adbe-4318-870b-20f931e8763b,05กฆ70268
5aa96e8f-8ec7-4bb6-aeee-160fa9230364,05กภ698
08086b8b-6dc6-4b8d-a9b4-2b37bf0c3a5d,03ก2105
e21d404f-2836-447e-8665-9c255b5b0bb9,0สลฐ968
8a6a5134-3a07-432a-a109-382c819f7395,0ฌญณ30ธ6
9a8ce437-2b54-4b93-b470-659db309f8c8,0ถส6395
c64b93ee-af58-447a-b4bd-fc3a12074742,07กศ8946
ddbb47f2-8034-4f9e-bba4-7c633f43c837,01ฒฮ4269
797c1c4f-f1e7-40b3-9777-8d480f5255fd,0ร1
b1bd6081-e0f9-4cf3-88ec-818d82d5ba8f,0ฆฒ2401
270f582a-0df8-489c-a6f2-0101d67f310d,04กชข259
e35390bc-375c-485a-a3e9-5afc1812a107,08กฆ9356
3320ecfc-f25d-4ad5-a3b7-47c9b40a3ce7,0ฎข56
cd764cd4-f143-4bbe-9618-d03bd864ed3a,05กจ7189
5333f1b0-b673-4271-b5a3-24d4137764f7,07กส8504
17a605db-aee4-4599-9d16-88e99c8a0135,08ก3615
6d57d886-17cd-442d-a031-981a83c92963,0ภ9
42ee139d-5742-498a-a220-b36c20f01419,04กฎ380
615e69a3-e2e6-4074-8fd5-d6f9a9c9d6a6,0กธฮ786
a23c6a45-58d2-47fb-918f-18f7b208f160,0ฒร702
ab79eb86-c86b-414d-a3a3-86e6a01fc721,07กภ854
c52cb6b9-1073-4dc1-910e-c4d5dc56c3e8,09กฆ1586
39101410-3c68-4bb7-9036-a7ebc8197f2c,01กบ698
c500e5a0-43f9-4306-9f95-1d07ff40e919,06กฮ328
789bebc3-28ba-4307-899e-30211a5b13bd,0ฌณน5638
07f6e0f7-258f-490a-9da1-b4c03803c784,0กผ7201
e0f4b3c1-b850-4b1f-b036-57685e5c1e5d,08กชข365
7b8a5f1f-3bc9-43ad-bdb3-777ef77a3581,0พบ5
030487e2-631a-4e1a-b6b1-238837924b7f,03กท72
d7203f80-b620-4bce-aab2-40d6d05f68bb,0ฮร2095
31495b6c-5c47-44a9-9054-699a7af5731d,07กภ4128
fc1e18df-d6a5-40a9-9da2-072bee2214ca,
6f5ac98a-0133-4359-a1fb-eb526f88eb24,07กภ36
a5823f75-de45-4eae-9a16-819ef8a9b8ec,01กผน96
de123c25-2f17-4232-bcef-159810ed8c59,0กส238
60652b85-c227-455a-8808-97df836dbe4d,06กท5239
b4c12a5b-5882-459d-91fc-bc30c0ee78a8,05กง149
06dd1a00-6cb3-4e62-b8c3-2d08423ff8c5,0ศฒส6791
fb7e057a-77d3-42f0-8fe5-2b28d80dd5d6,01ฒส706
b361632b-a2af-4004-9f6a-f6c8bb93b68c,07กต54
46acd3f8-efd4-4679-bc1a-d02b5a0b5d53,04กภ7592
ba363903-297a-4609-9527-ebbbfc8c6adc,07965
87e47c27-0d1a-48e4-b86d-2f5d51a003c3,0ญส678
e266abad-0801-4c0b-813a-0e1a80273a08,0ฮภ20
96f80b9c-4b6c-4b66-b94e-2026445ea588,09กข365
45c52fd5-b8c1-46ac-9ef9-571c1030e836,0ฎฏรธ592
2d4c0beb-79a0-4cc6-a001-09cb39923294,06กจ215
212c1146-5037-4806-93ed-2650f7c1b274,0กข6351
a1fc1a4c-a890-4e47-95f9-dfb8dad8652c,0ฎล693
61126b50-713b-45f5-9b86-ae838ea5d0e3,086กญ3927
22c1b4fa-e6ca-4e8c-95d5-b6c4ea00eaf4,0ฮ57
e357343f-926e-48c6-9488-f43b4fbc913d,08กต09
39425384-71f7-4528-819d-fd0b0b64f204,01กอ872
a34e01dd-dedf-420e-b14a-32e79a1176ce,06กฌณ857
826307ad-d0ce-4621-80f0-824012525b2d,0ถข204
96a4e414-bfed-41b9-888d-99762f0555d6,02กอ6138
758c2e4b-1e0e-4725-8938-59647f6b1f7e,03กฉ9
edb2c750-cba7-44a7-b1e3-ad31b6156109,06กษย801
433a67ff-e586-4209-8448-e2e347f31a82,0ฎฏม2095
129e6c74-75fb-4873-bac8-a98c7bb54be3,02กร6189
c33af16f-1b8f-4d12-823b-427c1293b311,0ฮม934
e979829e-f529-40d9-97e7-2b200ff1bd6c,0กอ369
68432c60-34cc-4ca9-a29e-822d6cd4ca2a,0ขช3452
642e907d-8822-4a1f-991b-db861454000a,01กร6840
dfd149b0-e0a3-4df8-94b1-be697cf6b607,0กว1394
8d3890bd-4e8b-497d-9253-42bc37651203,0กต5938
31ffcf1f-b93b-46df-b8c3-26460c3e1ce7,03กง679
180b2800-5ada-426f-be9d-f3faad957287,0กษย149
5680e0b0-e9d2-42fe-a0df-2d46229e8fba,03ก68ร7
e0944935-acc8-4c2f-b187-a8a47016132e,03กฐ7285
386568e4-eff9-4961-a53b-8cf40bfe7d19,06กน589
137eac22-1ab6-43ed-9d48-701ce31af10e,0ฮพ16
7a76bd61-beb5-40a6-aef2-10a9ed8dace7,0ฎฏขช237
711aee8d-1c1d-4e84-9500-7a1b968e6074,08กษย731
b3e5d8c8-60d8-4c5a-9745-e962518bfa3a,0กค951
2f1e936e-29d6-40c6-8afe-6fb5a027d494,07กผ243
ea14f452-5ce0-45b0-99c2-19ea5c93623c,0กน714
d1b3e6c5-100c-4067-9111-befc4b5c5b2e,0ญท1520
283f2d1d-7d2c-487b-a42c-7d2ce597a02f,0ฒต9643
f3d61d66-a947-4742-8a09-fa693527c798,05กฐ9286
d9d9b345-15f9-43fc-834e-54674ea354c9,0กส4356
5d79cf59-1474-4b22-8711-8662e354ef5d,
ac892c78-3460-4c09-8dc7-5d2ef83745e0,0ฬ523
bf81f0d5-8d8e-4c7e-8060-fd24b4bc762a,0ถฉ694
1deb8675-67c7-44eb-a6af-153486f5fcbe,0กอ536
0e9be4f9-272d-4125-a5ef-0a3926646e05,0ฮขธ527
f51342b2-5447-4bc7-872a-d555b401c346,0ถฐ5817
ab7381df-161f-4dbd-af9b-3bfec1695ab5,0ฌข714
4fb99aaf-87b8-4576-b1b3-8df74153c6fe,0ฮท24
494c2f95-ac2f-42a1-a829-6bbe3ccf8c09,03กย568
07c0ae20-601a-460c-afe6-bee978bc807b,06กว5318
61ea5793-2d63-48c1-ae6b-34a318a58ca3,02กข971
9e9ba0f0-69f4-46ff-9d96-d09ee7674b03,04กลถ8965
d813ea4a-616d-446e-8e59-81abdbae4860,0ฒฐ524
c599a4af-0dc5-4b5d-9d26-3d332d4e52ff,02กน63
49e2685e-734f-4307-964c-be47f3c2bac0,01ฒร7864
ea5702c9-2912-4cba-ad7e-4b588fc0f0f1,0กพ592
716de2aa-3eaa-4e24-992c-4249378b67f1,02ฒล904
74713732-2f6a-4124-a768-c2dc76842b0e,0ญฌ321
72ec3b97-3039-4905-9b78-3767b78199a8,06กฐ7183
c7ae2a39-3f0e-4521-bd03-dee83c7e2ca8,0กฉ10986
5a5dd173-afbc-455d-923d-c485d4f25689,03กถ45
1fc3234b-d65b-4670-b84a-158ed0c55fe4,0กนม92
c59db68b-dbb1-41e2-bc01-ae19bd2a72f1,0
078eab82-2a65-492a-a23b-0c3a2c7e1875,07กญ9380
db2c3514-be08-4822-a72d-bba438eea52d,04กข6187
a3df7d40-f8dd-40e4-a1a9-8cc6091bb9e2,0ถง589
e90e4d21-ab0b-4555-bd5b-c0b418db649f,05กศ214
5c600ec3-e93f-4943-b36a-5de669ecb98b,086กจ45
d7e1a86e-6208-4af7-bc48-ab6224ba646f,0กนณ4215
8239a0dd-77e7-42b9-a39b-10c187bccd16,08กษ401
213a903a-2117-4c46-8186-4a488a2bbe44,02กทบ694
60d5edd5-6cd3-474f-acac-d6c9f7ebc007,0ฮธ369
6c1d0b94-3b82-4d7a-9860-88e89f880952,07ก25
6e2541e1-e783-4ab7-9938-7b1991afb0ce,04กบ072
2ea1f77a-920d-4ebb-9c25-b197b8c00a4f,06กฮ8
d943d422-3603-466b-aca2-49245d3dbe07,05ก
c63df949-c1ea-4275-aedd-efb38fab3d32,02กจ593
0e1a1927-60a2-40a0-b970-48f3ff896961,0สห67
2f9a6509-c174-4a3b-8212-4504a53f2ac6,03กว819
d1ab20d8-511d-4e93-abeb-a7342a786531,09กฒ462
2b405da3-6405-4556-b408-2eb684797f08,0ญฌณ31
8b258418-3465-45c3-82fe-814f7953c377,01กฐ2
2377244f-72cb-4ade-a4fb-e5d0c3b9e0bd,0ฎฏ5697
d1bab4c8-8d39-4ad2-9f70-8549ed172707,0ถห1428
8041750e-8b00-49cd-9466-94f9c0fe2456,07กย5102
d4b6a221-f317-4aca-957b-0706fff3b107,0ญษ416
5b27ae06-af90-4f5f-a299-d8b4377bc8af,02กฒ674
916a8964-52aa-4082-b36d-42123c0e744d,0บลส895
0681c092-1340-4958-9611-ffdde2e1e7c5,0กร162
97434e7c-2cdf-45ed-b323-af9238a7dd5f,
646584a5-aad8-40a8-ae8b-922a45c7c702,0ธ768
3a5e70b6-bcc0-43da-9ec6-dc0c961929a9,01ฒผ298
e5a28e78-7f9b-40f4-8407-67e7bb6393b4,07กน904
46b805a4-8054-46e3-be05-6f4f120a7af5,0กภ596
e7a4045d-ae58-41e9-9f2d-a53b2360dc0c,05กถ148
4ccb3d79-375a-44bd-afa7-fb59e2d1bf44,02กฌณ4
7e7f661c-9381-448e-9609-0648d2f39805,0ย546
f2598c4e-a2d9-47b1-ab08-50672718d179,0ขช645
33945e7a-382a-4868-905c-466cd424db01,0ศธ168
720743ec-5bcf-4697-8c05-9eb171bc067f,05ก63
581b8728-2d2a-48d6-b4dc-154fc4dbc626,0บล5340
8fcbcaaf-3f8f-4915-afd4-3794b43ca66a,0ฆก7380
fbb0b629-b970-4bae-8e0e-979c5f6c667d,02ฒร1405
f4861668-616b-4be7-b9d3-f314b6c8e88c,06กฉ02
64d5d94f-2966-4db0-8f7c-b452c641aa80,06กฌณ207
584cdb97-dfe0-4581-8875-c0d23cd720f3,0ฒญ512
6fc0d328-aa4b-4da9-a710-f99e7ec19f15,083กณฌ6
b355a46b-b390-4c3c-ba07-992a46f1ebff,01ฒร5970
a523123a-2d2f-439d-b0a5-00a5d52d8494,0กข34
b1c90f10-dab9-4fb6-a4fb-1fb1a5c11d80,068
d3ddd102-4dcd-4ccd-bda4-6c1c46161d06,0ชข83
0ed7c741-912d-4066-93d0-002172f34b7f,0ฆภ52614
26cf1dd6-ba36-410f-9ed4-b2740c3f795b,01กณ4807
188f9eb8-7bb6-4cff-bfdf-00a8f9281521,07กง604
c2db04fd-82dc-43ed-93dd-65edfc623fe0,06กฆ81
20e69098-cd4a-4837-b6cb-c94a4ec036c8,0ษต5
5966efde-e2f5-4e72-9b90-5550de495893,07กคต864
54d0d263-b086-4cda-b5f6-ecc57c946324,07กม5
4a5ab08e-1e3b-45ba-9011-42f7ee24bd3d,08กฐ493
8b91c132-b258-482f-9be7-783315af32b2,0ธฮยษ4087
6f82be12-47f1-486e-a47e-036c132e3baa,02กย14
0822f773-8d76-401c-bcc8-7a137a2b5478,06กฮ725
c9af960f-2cc7-44ab-9c8a-ad5d4a003ff0,0ฒฌณ6149
51da6628-afd1-464a-a176-5d28434692ba,0ฒฉ4305
780ae740-f550-4aa5-8060-03cc75ab7833,
a995bd12-c57b-4735-9f4e-970464002274,0ฒธ78
07d518cc-dbaa-40a6-b69b-bce8a0a37966,03กถ59
4ca4566d-0f92-4597-b327-df839bc92d44,0ฆม497
6ec3f76d-2ce5-440b-ae60-c3bbee6de93f,01ฒธ290
61e32cf0-ac2f-4de0-85dd-7c0849ed5af9,0ฌฐ2608
ca5a0278-e2d3-4af0-816c-97cf769893f3,06กบ5487
9fad858f-d1ab-4653-811d-25ddfa533d28,07กต4251
0fa7db21-9665-4517-9e83-03965bd93393,07กฬ253
0a480b2b-1ca2-436a-ab38-1823951b8091,05กง132
25a4d467-8cfe-4615-9504-434700cd7d1c,0กส7483
e3e60d80-4c2b-47f6-bb53-00af25e644ac,0บว459
f4e1f0b7-9b7c-4ca1-b6b5-595de7703aea,04ก956
cd777200-4eba-4185-9070-7efafed4b431,0กฮ2384
a5f6bfcb-c5a5-4aac-b09e-8a089a4636d5,0ฌข9
b51228cd-28b8-43e4-b3f5-939f911f3bea,0ฎฏ946
337f45b6-6b6c-4e5f-a0c6-81d6a28d828e,0ญ3กน415
d214351b-56b1-4c6b-b6eb-99f6c46984ff,04กฌณ987
818430ce-51e3-4789-9d6e-6faf4f73c42f,0ฮฬ405
ca638e50-450d-4a84-ac43-c9f1035fb1c0,0ศห183
cbdaa2cf-8dd8-4bed-83aa-531f6a694237,0กผ79
09c26661-adae-4087-b922-d7a2354b514d,0ญ7109
35f0af94-6319-40f1-8dba-326731e883ed,068กธ9
46873ce9-370a-4d5f-9abd-e98b4bc4ea27,04กข6981
68c33c2c-3de8-4b33-b9ed-237b2f93e0e1,0กห302
bf4c6e77-d5e0-4963-a589-9700b6146519,04กย6159
e02d5569-7ad8-44b8-80c8-54c2f2ccf69e,0ฆค516
7ce0f9cd-dfbf-4e9c-a639-5efd19236565,04กค817
2c3157ed-8e33-4e3a-999f-1bb72352a51e,0กฉ963
cdc0548a-503b-4d31-80be-0ef8641a0d6b,0กน152
7442fdfb-27c5-4765-bc47-a1dd1e8f864e,0ญส189
766e0fba-e997-4824-80d3-3e2fa62f57a9,07กตฒ1428
bc5f8851-e28a-4dc1-bec4-a65887d49a8d,07กฌ34
9bca9409-04e9-4013-9c64-29aad29a4242,07กฒ381
5bdf5f65-b8d1-41f3-b507-a4043c42b8e9,0กส517
fb3927a7-d410-467d-aee6-6901842aba91,0ฒบ347
8b526b27-fb1e-40cf-9a25-620a07e78734,02กษย6549
2535f1aa-e694-4531-87ec-ef5c21a7c985,04กท730
37f85382-aed6-472c-8e51-70f106494ccb,01กส793
a322a46a-0e2a-45cd-bb99-20da37b7b9ab,01มค28
ac263976-5ec9-4a23-91eb-351e1947a410,05กข241
a8b6857f-8d69-4614-ba45-36057e0d0025,01กธ2456
64ab6e1d-4955-418e-a7d4-1652ac3354fd,0ฆน389
9d25c13c-574d-402b-be0b-e483006f93c8,0ฎฏฬ7695
8ed657f0-14c4-4aee-afec-00cae7a25eaf,08กนม5214
68b7617a-5422-41d4-8337-4326d2df7fb7,08กผ1297
18a0bf47-65ce-46fe-bd8e-9f0cd1ec1cae,04กม6137
2f205a4f-5924-46b7-9666-38fe9064348a,07กฉ248
732c647c-d94f-4bb3-98d9-2db6c1f02c90,0ฆฬ318
b99013e0-1958-4005-9b86-498d775de18d,01ฒฬ390
d719bc71-477a-4f71-bb1e-e55038c2756a,01กฮ90
6eb3189e-6124-497d-9cbf-31b8820d827a,04ก926
f7faddaa-df4b-4e33-9c7f-b5417e995d78,08กผ2609
2205c7b6-04ad-4d85-b73c-124e7a563181,0ฌญข601
f573a58a-22e7-4597-9688-bdb6a27c1dd0,0ญภ9540
e45970dc-3d3f-4e4b-a3b0-5c637d0b65a5,0น8492
5b1e47c2-b42a-4738-b315-e1c3c7a9d3e1,04กม812
ad95af84-3728-439b-b17f-3c4b0ce993e4,03กน60
de49a956-ea3b-462b-ab42-c8315f8fea59,0ช982
eec24557-5467-49d3-9b04-95be68da0f21,086ก5วร
474a0f42-f532-48e0-b50b-9e0fb078b5df,03กฎฏ51
58cd5f73-a01b-4abd-998e-0f62c68dbfd3,086กภ327
f3511496-3504-4e27-9ba3-3ca4b6958d96,02กข3869
9bad16a8-2c76-4a79-80e3-6062febdf8e0,0ฎฏฐ7285
f162ffda-b58c-49cd-beb5-f8675a314191,05กต310
87b9d0f5-b6f6-452a-9eba-c78b94b7ae76,03กฒ5876
11367c59-3364-4df4-8885-879fa78ade6e,0ฒศ4763
2fa5873d-d0b5-4f4b-85ad-3c8116da441b,0ญม7890
2d3282f8-de85-411a-915a-b86f1bfa1c21,0ฮพ42
fd45d547-6bff-4408-b91b-b9bf36de99d4,06กมน4
d2ede3e4-2337-48af-8d70-b9ae4b87f68f,08กฬ903
b15e892f-a907-4244-a19c-b6748a760ab2,0กร438
1a4bcc61-ba42-489f-a60e-97ca35b13a14,0กษ7853
8164d852-6cf5-4d9c-a883-70ab0011d5ce,0กค204
dec04ca1-79a8-4a12-b176-524844d952da,0ก236
8e2b5b4f-34ab-4b9d-838a-6fd6e0cbc08c,06กฎฏ5479
6989b73b-d70a-4786-867a-30ad9a00367c,07กฬ4
b9b42dd6-50a5-4c65-9a7f-0c9af1753057,04กม19
245ee5c3-4aef-4247-9e16-3a0db6859ca7,05กธ48
a927fe95-c4a0-4f07-8598-391a85358b3a,0ฆผ301
f49ce8c6-989d-41ad-ac2c-c90158ab74e3,01กภ754
50a1fb47-f6c3-4ff2-bcc4-c177b6278e99,0กข179
e1dd334f-2e29-4212-b864-2996bd1c81c5,02ฒร891
9377b52a-8a9c-4545-8394-b38a710807b0,0กค425
ef21d602-0df2-4efc-ada6-6bfba3906c61,
c0bcbb61-e85c-4af4-a8c0-477ba50634d5,05กฐ91
935297ab-b8c3-43ea-b7a6-5a533d71e270,05กส39
cab2dbcb-127d-4598-9961-199d604f4457,04กถ7682
e295c264-822e-4346-9b3b-e4c7181f84cc,04กฒฌ9632
9577b129-b513-47ef-911a-61a3573ebeb7,0ชฐ3597
c8c2a673-81f7-467e-ac84-55f99d681587,0กค9563
494ac2e4-8cb4-4fd2-a8e2-34e4f9107496,0ฌย718
00389267-6168-4865-a2ae-427332dad81e,0ฬบ7
6f44acc9-91db-435c-b4ec-641f2b79226b,06กธ97
9794fce7-f45f-43d2-a471-0c710284f753,0พว10
e347562f-50f0-44ee-91d5-75c035327735,05กภ4629
7801feb8-d096-4908-be92-b8ad3623d46d,0ฆณฌ965
e40654c7-2c55-4993-ac5e-9abc829439c0,0ฌง328
5c9fb27f-aa39-4573-a9bc-6b5922aaf68f,05กส412
67147116-1c11-4e88-8cee-212cc5761f65,0กง863512
658402a6-4d20-412f-bb00-821e674485ea,0ฆพ975
f065a307-c538-42c0-a04f-630e2aa48e74,06กอ875
3bd1db09-5c0c-46e9-af0c-c739aba9817e,0ฮย49
1f1c9709-4b25-4041-8f16-26b7350f8f6d,0ษอ187
7df9463c-1e0a-415c-a47f-c6fc7188d619,02กฌณ47
27f756f8-4db9-40aa-9a77-3491b0ccaac4,04กอ125
e1e09705-edf6-42b7-9a51-f96d406c9145,05กอ908
27b8d9c8-4417-4794-9a5a-c3f1d68ff924,0ฮบ3
087ba20e-58dc-4452-a43d-e22dae2e95df,0ฮร153
3da60db2-ca2c-456b-b136-0b58086ceab9,02กธ5908
5428f660-aee6-454f-a9cf-e0139ac5ea68,08กผ4217
b17e0310-3a96-436a-b1b3-1c3e58d0af39,0ฮร5642
8da1209d-96ad-4b3b-847e-51e2309a2874,03กบ502
d736fc9e-c269-444b-b2d2-93c3b52b676a,
db423476-09c0-474e-b108-c5f1f79ca9f3,01ฒขบ2490
28c4c81c-270e-406b-9ea8-cabc5820c005,05กข81
d5638ca0-c18f-4912-a7a4-d7a0c125547f,0ญผ20
463c4a75-e4c4-47f0-8a70-8c3a0e635501,03กบ2407
4daf3367-332a-45c9-8b6a-49fb88480649,0กว65
96ea362e-46ea-42c5-bbc0-431acf646b94,07กน593
70a81e6f-c1c1-46c9-8287-c6390a5a662c,08กฐ4
8b2c2a19-dd15-4665-aa0b-ed4b0db3b648,04กย3268
823ba0c3-c4bd-4562-bcd7-1f7015334431,0ญณฬพ60
c9cc7ee8-f8d7-4b08-9f13-1bdc0b07c126,0ฆพบห2543
e61fdc35-c42d-4763-9767-ed9bfa47e99e,0พข7094
c1dbd963-0ac8-4afc-9f33-ff1dcb11bb97,0ญนม423
e459d622-048e-4664-bbbe-a6e74dbbc94f,0กพ892
656b8230-f783-461d-8e72-567c807b0c16,09กข3450
b3442517-5f23-41ef-a9cd-d41fd66f3cf8,05กฌ697
16a8e522-eeb8-47af-af4c-79f5d05491bf,02กษย537
10ed4d2c-a523-4ad5-be6f-77f864b5ed66,0สจ3
c3a22d20-5a21-452b-98f0-64cbbf92efc9,0กคต4320
b778d799-3ac7-4ea6-a087-6ddfd211a525,0ศก194
546a3b27-185b-4e01-b43c-7b2f802dd913,01กร7964
0cfba860-8160-4ffc-974f-4f8b77ac235a,04กธ87
dc74c133-4d75-4de7-809b-6ce7b5612748,09กฆ307
44d8db70-f339-4793-8a5b-d4d8e1c8b34c,0ษก67
91dfea7a-0c8c-4acf-a2a9-565da2cd0e34,03กณ1780
140917b6-eb83-4663-864a-afeff02de1a0,06กจ249
23cbc76e-995c-4290-806d-35b171609ba9,0ก2194
e1f346b0-c60c-41bc-ad0e-28be75a35ecc,0ชขท78
3a97f92a-b79f-4c8a-ba6f-7e68f86817bf,06กธ527
c1df48bd-8df6-4317-9181-172723e96705,0ฌง5109
33dd86b8-3fb7-4a78-8ac0-37a5e661527d,0กล248
705bfe2b-6254-40be-ad31-d53894000fa2,0ก93
ffe6d6c6-a564-40ff-8bcc-2861ff46b5c3,05กง769
6bcd2f07-a6e2-4574-80a7-f010369d3f25,0ญยธ543
302b68da-4888-4c31-a02a-f9f2b86f3e58,023
0830f2b3-c6e0-4f8f-a4c2-7dd659f17730,06ก2
08465cfa-3604-4ec2-9f46-fc16700e9009,04กฉ972
52e08962-6cad-449f-9bcc-059ebc2a2909,0กฌ5068
6ff8de3a-2d92-436a-93b0-dbae4a5ef078,01กศ267
7afbbcf6-2631-4a38-9630-5002d24e0a2f,027ก
6da0a87b-a2e2-4f37-9a4e-7c90d522210a,0ชขว579
eec34cb9-8d80-49fa-b253-2bdbbed4e186,02กอ637
e3f056e3-e647-4db3-b910-a9957bfd9fb0,0ฮ6230
4f9b4918-77c6-4047-a20a-f9327a3e0609,0ภธ51
0be2dc47-78f9-49a4-9dfd-99ceff9139ef,0กท71
8ea55228-7d19-4468-83e4-c23d580b985a,0ญห042
0fa5cdb3-67ca-4f2e-94e9-d23a7e31d84d,0ขฬพ18
c15c016c-0179-4863-aeaf-606247b371c7,01ฒค49
95e197b8-55bc-4e0a-97c5-13e0fd7475c0,01ฒทห937
275af1eb-4343-4bd1-b6da-89f1ea2ddaf1,
149d3685-4bf5-4881-9b6a-60ddc647648a,05792
09b9716b-95e3-4f6a-a370-009c4a2fdd7d,07กบ6518
236272a9-184b-4b31-888d-49c0a77af025,05กธ169
b18172a7-7c53-4e77-9333-6806a1c22821,03กศ56
1de6e063-be5b-4ebe-94a6-16136a4188a5,0กหพฬ91
6b9457aa-1026-454e-953b-09b04e8ee7ed,0ฌณค29
979a6641-3b55-448f-9681-2eb3b1113e31,02กฌฒ65
3b4a7f45-a85b-46f2-9251-bd457d5c483b,05กศ321
2066ac6e-f9f3-4e1c-8a9b-981add923018,0ษฉ4526
4f958f3c-daea-486a-9804-a4261c0f61ab,02กศ1938
ed89469e-9849-47e8-9207-72e7f393fb2a,0กว925
0b7f661c-c0d3-4a60-9890-016b50c63a40,02กษ97
04fa58a8-5ee7-4b4a-9314-c2c906599cfd,002
83cb4a15-524e-4c16-a32f-a5d263232b6c,0ธยษ17
6ebd7d94-669f-41b5-a8e0-55b0583169f7,0ญฏณ9183
37dcc48b-e0a4-4aad-95b0-b6f8b9cfc172,0ฎฏก721
a9abfcbb-d190-4d55-bd14-7535fac02d35,0ศส381
01fa494f-8c19-4310-992f-ad969459cdad,05กญ268
095b3944-1932-4dd5-98d8-fc0082a0861c,0ฌขช27
0287f478-4318-4279-80fb-71f43a03b7e1,0ฌณถภ251
bc83e156-6e17-4787-995a-339a59931722,0ฎฏบ28
4938103e-eec0-41bf-bd91-abf46012f22f,0กฉ592
49b0fc26-d340-4a48-b3ee-81c2d3f26358,0ญยษ1745
e3b82dc4-926f-409c-85c8-b333e84bc98d,0กส371
6582f241-9ca3-439e-85e6-f0a8a9bf277a,0สฮ307
85380c3f-e41b-48db-bd90-b7d3999926b3,05กย623
ea7b9892-f676-48af-ad08-0fe9142fed44,0ฆฎฏ782
79c122b0-4743-431f-8f3e-d67d94b21ea7,0ฎบ340
6aa4ad9e-65a9-4ad9-a772-fbf811364f1c,02กณฌ65
7b60a689-7307-4303-b46e-2b9613b4e840,06กผ7591
de46b17a-2ea3-47cd-a653-fa3998ff43bf,0กฐ458
75b755de-dae8-4ac9-9277-76643ca1e8cb,0กษย3421
7f5c8de4-f156-4b53-83c3-dedb223551fb,08กต069
0f138685-d82f-4b8e-9ad5-a9e0c2fc9b0d,04กจ62
b6a29abf-eeca-4967-ba36-c462d596c313,0สต195
ebb85ebe-7a82-4aac-bc6c-26a00dd0e5af,0กค9726
fefd1466-67ed-4569-81e5-a88bef129fe2,05กต20
59b6f779-c21c-4f61-bf3d-89295a35afd6,01ฒบหท506
5e36cd01-cae6-4393-b898-88b0cce5be15,0กฉ05
c8717e19-8d86-4d92-b805-ba1de94cfbd1,0ฎฏล214
635f55b2-9c53-43df-ac14-090c727841d0,01ฒธ847
760be941-cb6b-4b51-8bb3-d20c8644a5f9,0สญฌณ7920
398779b3-243f-4db1-9cb6-cd2717174c64,0พบ41
888c410c-d5cb-4de4-97ee-3c36a75c9954,05กข296
60e228b0-d297-4e73-8659-bb259120c13a,04กท9376
cc12421e-2071-4f51-9c52-12fd46bcccb8,0วพ93
db51bc5b-2ff8-491d-819a-31cc79d8b6d8,04กต26
855352fe-aaf7-4570-bd00-a0e6830ec23a,05กษ276
e76b60ee-318b-415e-be34-b658e650fa92,0ถก3468
a8df2501-4eaa-4cc6-96d4-31a2592be250,0ถภย429
82dbd412-7b49-4d44-a92d-6cf5c804be8a,0วภ674
1126e200-1d47-42d8-8aa6-7f1adf9b752a,0ฌถ31
da4c2429-0c53-41d6-aa56-a5e267458309,0ฎณ2059
f2b994b2-c55c-4c86-b8b5-78f76e17d72c,01ฒว458
cc8e6d45-1f6e-473c-8fb8-4ca60d02b0d2,0วย8047
49e930cd-1f06-4d96-8818-b500fbe66b63,04กว37
d5dbcff5-2ff9-48ac-a1ca-b2145adac971,0บห435
074060c7-4115-4cd2-9d6e-13eb22c8bb1a,0ขชห6789
44a1e770-c329-4db4-94b6-f4b187443e1d,0ขษ69
21698008-0760-4a57-82e3-4163ae020ef5,0ญช241
54819f16-c03b-40dd-85aa-04530670ddea,06กต819
6bb3eb50-fc04-4af0-8e29-cae19e6654c4,08กบ9135
2037f7e9-990b-4b0d-96ec-baf5dd16efd5,0ฉฐ92
774265ef-ddd2-454e-bbbb-fc9dca637d17,06กฒ948
d444076d-a01f-4655-966b-579868b43973,08กฆ704
0500ffee-8445-4b4d-ac5d-eeffafebe67f,0ฉ54
a5cdbcb2-5128-4158-af0f-0f179d96be59,0กต6258
0b6a771d-e82a-44b7-bc17-508358dcbecf,0ฌณญท361
48787cd2-2c65-448f-be4f-f939010c4e50,07กดต962
f6ba183c-d668-4cbd-9677-ee9adce3c696,0ญน98
0d89da27-e60a-440f-8005-b9f8b3ff8a02,02ฒฐ536
50796aa3-5ef2-442a-a54b-c967a88ebdbe,0ฒว4021
4b6ed841-afd4-432b-9dbf-bdd8f43f71ce,02ฒมน790
bc39e2da-1cc3-46c1-a2b2-110415304537,0กย218
bb19f2c5-06a8-4986-807d-6c89ad8201fc,0ฌอ423
44f621bf-364c-486f-a027-951284711120,02ฒธ397
0a320058-651f-4a87-9890-042381dc8310,08กง1046
c5ce7220-3e07-4646-a94c-b7d87aa09d62,0ฎฏว837
5343288f-2c22-4999-873e-4bebe55b7014,02ฒค49386
74f71033-60fb-4daa-84eb-89643d123eac,0ฮว4962
26f9c187-271a-4b8a-8986-475bf26944b4,0กฌณ182
05376eba-3ca6-44aa-92c2-7cbe1435c579,02กค750
f74d3c4e-f1ef-41bf-959b-4f9dc2697a0d,0ฌพ502
a7ce3d31-b5be-4c33-ac5d-1a18e51ae101,05กย6892
c5b65c48-3db3-484e-af9e-bdc1708b0c24,0ญอ27
76e041e1-573c-4869-a5f8-ce64fb6989cd,0กง3012
ff6b8fe8-a6d4-45c6-abc0-2cdd6345eb34,04กพ9627
66a504cb-34a3-4d0c-9eb8-cac34cf84419,01ฒพ426
98f831c7-e0ee-4dbe-8fbf-3c22da2124ca,0ชขฐ04
369024bb-ab69-451b-b305-eb672da35fa6,05กถ287
9b69ba43-250c-4416-81ff-14491cd1ddae,0กฒฌ8912
fc6fee15-586a-4f3f-9908-4b1f04c39503,04กอ37986
9f6b7d62-5f81-4c1c-8f02-30a5fa285c33,02กภ587
a31da680-e772-4265-b04e-505dc0b404fd,0ฎฏค802
16b2fa9c-f718-49df-acdc-121721867c51,01ฒฆ2896
2a324aa3-079b-470d-a714-20dd130df91e,02กข35
0c1210a2-2e59-4888-8d99-682723c8029a,
b84280a7-588a-4eb6-a860-119cb1716013,03กต456
9a3c4f82-d337-4205-9cb3-dc60318de769,0ฉ67
4e4934f5-479f-46c3-93ef-9762e657f50e,0ฆหพ642
2f0bd633-2c8f-41cd-80ce-96be7cdba6af,03กฆ256
5e379212-779a-4469-8cee-e9be42bc44dc,06กศ951
06b7148f-f3b9-4835-b56c-8d2f0f3f314e,0ภค69380
b428fca8-2be9-47f8-9862-819466c34e83,04กญ725
ce5099d5-2c38-4ed0-b6d1-c0f9ab522c43,07กฆ93
469b6c06-c12f-488e-9b75-7fd2efd498a9,08กจ965
54892c25-c4fa-4461-9b98-87cd09c7d5d1,02กศ53189
daacb90d-d8dd-4147-a611-48e6c1b9c663,07กส8510
9a798214-e642-4d64-9240-f4fc3210801d,0ฮล9456
799a6d58-a01e-4e6f-8ab1-ff1ea7bae8e0,03กฮ1780
4a838ff1-5647-41a6-8481-a960f5362675,0สอ982
0c2decbe-a849-4822-9f3f-4179e9f2b17a,02กผ76
8c360318-15f8-4378-8ae2-6a3a53a30c2e,0กณ4869
b1b3f213-bbbf-4dcd-b686-e0c2e6c0319f,0ฎฏพก17
f887b186-bf0b-48ce-9555-2edb016a5cf5,0กธ3096
4bbc2a01-6c85-4a4c-905f-f22a54763dd4,0บนม2861
dacdb023-f1ed-48c7-ab77-aae04abc5271,06กอ325
76d03207-e02e-49c6-9c47-f19dbc5cf5f8,0กฒ23
9ddaad99-0f01-4869-b3dc-b6e2e8e32b3e,0ตธร9213
154ccc4e-b492-46aa-8e0c-01bb3af05472,0ศจ45
c751eed0-5fbf-4171-9ac1-b7e3539731b6,0ก
3d981495-81c6-42c9-9971-aa978defd636,0กยษ6295
9e148e9d-b75c-4545-8aef-5445332d4a2e,0ต203
cf79f62b-58c3-44f0-8d88-35e251f9f6f8,0กศ286
071d8060-bb65-4c2c-979e-def29fd0fa0d,0ศต698
c9d1be63-b4b7-4a32-abcb-5db4f1bfb263,0ฮษ32
6308fe07-6aed-4446-b008-553862ad838a,0กมน2176
68cca5a3-7c43-4094-b16a-30af8a28d0ac,06กฌณ7309
8048a527-d1de-4f9d-b907-4f56b1fd8324,02ฒฉ64
a911963f-ee2e-4728-91be-ab5369a1f211,06กย459
a84d0d80-0a45-48e9-bde9-fd9dc5fa0f91,02กร186
5d030686-9014-4819-ae75-1d9e89f39f5b,0ฮฐ8146
5d7c3735-802d-483f-91a4-0b557b32f769,02กญ3981
68eb72ed-9a16-409c-a31e-32558ca379dc,0กน6152
4e809daa-bc4e-4f01-938b-730a94711d26,03กว15
5b15e29e-3972-4f11-b8ad-1e3082b3261c,0578
3d71267e-6445-4a43-a7d5-1c9363922fe4,0ฮฐ736
6dc25883-66d7-4a7e-8c07-65fbb55c76dd,06กต385
de619c3b-785a-490e-ab19-85675b7d14d9,0ฌถ20
0f4882ad-d684-4488-b240-5d86a40c261e,0กว9125
a97de64e-836c-41f1-8848-418e7f7b4df8,0ฌบ725
dd0745ae-8efd-41ae-bb07-c547da414949,0กค802
07dcd7d3-f8a2-4367-9dda-271ae3d4680c,02ฒท4057
1fa242c8-0b10-4e36-97ed-98cef253421c,05กย1764
610c8dde-c876-4ab4-ba46-bc3993de22c7,0ฆข5
864b979e-4f28-46d3-bb3d-da3702ef19cb,02ก48
378a83a6-457e-47bd-ae43-034941680843,0ฎฏข702
21d24560-77d3-4acc-95da-2bb36a7433b0,0กร413
c2f5ff29-cbf9-4503-8318-36e943c261ac,08กฌณ709
cd8207df-94b4-4d80-ae32-02b77978e8e8,01ณฒฌ6347
0c708e78-8425-4549-954f-4bc7904fa66c,07กญ41
de6ce531-2e0c-4ba1-b45a-b2128e94233d,0ฆฬ4215
a4341828-b769-4561-890b-2a520b8d83b4,0ฮษย7365
feba41f8-f056-4485-89e9-6699708edd8c,0ฎฏค781
3e0e8b92-2449-435b-8f34-4b3f72e451ab,05กณ1742
d745527e-67d4-4730-9c4b-a0eaf1da8d31,0ก
0ca1117a-c416-4213-a9b4-ead5946e922d,0คญฌณ912
06edac55-ef2d-4b6a-922e-30bad3f351d1,0ฆง6715
205dbab3-2575-4560-9d38-ad84e489537a,0กข986
861f4579-c158-454a-a846-cbb82ffc5d0d,07กญ51
52dd30d5-a3a1-4f30-bf30-31f5994864e8,0อน31
ad497039-44ba-48c9-b2d9-8fe188ec001e,0ฮขย6825
0481e098-dbe8-4479-87e3-ad1222db32d6,0กฮ287
c342233e-f688-4d55-9312-751a4a28fdb9,05กจ1092
5fd3cab2-540c-408a-9d5f-e7b089334500,0กฉ23ษ9
1bf0b16a-5823-4468-aabe-de2532cf9f4e,06กถ458
fa59f2fb-b51e-49bf-beef-21524053e337,06892
4b8c4985-da19-4d45-a5da-13c52c3e8c02,06กฮ4
dcff015d-77e2-4701-b6ed-6cf0e584a801,0ฆยษ913
1c98d2a8-09a3-4f7d-b6fb-93326632a1a2,04กท208
9a264946-ad4b-404a-b4c3-23480f801700,0ฌญถ154
9a436196-9258-43fa-8a38-f45647c3ad8a,05กย20
c7273b05-8a71-4385-8f4d-8f94897b5fb2,04กน8756
3bfd2877-d84f-4b8d-a83e-3253a6b4fd8b,05กข1327
28261584-8c18-4c96-bc30-63a1ad01e242,06กม729
d970cb37-577c-4627-a9c4-41eb82e90370,02ฒก68315
ba8c9fe9-567b-499e-9656-53ec55baf6f0,0ฎฮ651
d38dff0d-3051-4b49-a972-1bd158010ec9,0ทบ264
4dcd96e7-0bf2-464e-8cc7-a55dd0a8c400,09กง785
fa4d4fb3-baf7-4bc8-b147-3575598365a6,06กศ459
0da1f614-dd51-45cc-bc60-e86468a9d7ca,02กน1459
d5209646-e1d6-4c38-b9bd-1bfb260db9db,0ฮธษ70
a710485a-f66f-45d5-9d47-0a9d87a0d8e1,03กต618
ff9f5597-6355-48b5-b60f-eddd1fc5a384,03กฉ586
d36798ad-8e6f-49e1-84e4-51f20b4eaf32,04กฌณ3615
af3dcaea-b919-4435-ab99-de029b75173d,08กษ43
afbb6659-1255-44e9-b406-f6910fd24b3e,0ฎพ9862
a9114d64-acca-47a2-84f2-ecbd112d5932,0ฎ
e28ca484-dd03-4db6-8660-282d4defebd9,03กฬศ45068
8dc07024-a564-4f92-887e-c9d818505bd6,08กฮ3291
5b6fc92b-300d-4e31-9b20-71fe6db3b16c,0วฮ2014
2d5d9240-edeb-4ae1-9369-f582c2ad887e,0กม396
16be4424-fc56-4564-8215-5e45ad165e0f,06กษ43
6a9abd00-c422-4175-acd6-9ff73bd5df3a,0ถฐ6701
2c17034d-b0c1-4b62-a0c3-3600a9e7c1f6,0กภ1826
32cfd1cc-73ca-437f-9c6b-274ac2b2bed7,0ฮล5814
799f40b2-952c-47d5-acc3-fa371aba7a36,05กต36
e37d0d11-16a6-4b38-b3d6-50a94535ee40,0ฌษ108
25703696-c417-4596-b892-dbd4fc917273,0ฒข6254
aa78fd0f-d34a-4513-923a-ceaf52323c20,0ฌค895
199d05ca-0850-4a45-9e42-495c95b3f78f,05กฮ184
8b4b9d56-0399-45a4-b4db-7bd20054ba31,07กน1935
0d71cdd6-3dca-4a9b-9d75-bcf04da7607e,04กฎ7860
64f5357e-a6d4-4321-a515-3b25236e4830,0ขร6352
092b035d-7a50-433d-843c-3d93cfba8fd8,01กข5086
61ea0a4b-1241-476e-b7c4-ed5e30088128,0กฬ735
ba2aa7e6-9627-4190-8f99-93d0f0de2cfe,05กฮ3879
6b7b9ccd-80ed-4e95-9dd0-0c940789cb2a,07กผ1506
5596b28c-4d3c-4af4-a7b1-8abce43d427c,09กจ847
2e3530c8-99c2-4d82-ac5f-8a9a0f848d83,0ณจ475
7f32a9f3-2fef-48b0-9bd5-e2c4ed4eb4cd,0กน526
2554efc1-868c-4cfd-ad76-44240be8b824,0ฆค975
cc0afdca-57f1-4c1f-b6ff-8f2a0b9938ad,08กย3246
1f85e165-c8a5-4c56-bd30-623579e7aa84,0กท321
31c82dff-ed8c-4460-8c13-e427d7c38e6c,02ฒจ9751
8a613248-5ba5-4bbf-8eb1-45ce52c89787,01ฒผ685
4c72d536-de98-4d14-a300-49360f392493,0ญณฌ31
f48b9664-cb60-4343-9cee-335f540851fc,0ฆณ73
de358cba-f374-4150-b686-31f1f50e2953,0ก34
cdf75aac-3f0b-4187-bcca-53de0fb038da,04กถ569
0e55ce4c-61f9-4614-a63b-1fad8d39bd61,02ฒฌล613
deaa9e5a-b8d5-4bed-9351-ce05fb6822f0,053
b96e43d7-0cfa-43a0-9a70-b455d5121892,09ก867
6c119eac-aacf-4c53-b01a-61cbb708ac2d,06379
ae7b81a6-5b9a-4656-aa38-6c28dbdf7537,01กชข4807
6395612c-c2c7-40d4-b2b3-ad395095b422,0กนม293
dbb3eff7-2830-458e-827d-edfadecce064,04กศ7965
be46db7d-a2db-465e-9e14-1b9da5edbb80,05กศ891
617190af-a67e-4e43-b64d-beb1913bb09a,0ข4295
fea6ce1b-a182-4c06-bd61-41dfc4dd75a4,0กญณ1328
8d9f16ae-0cdc-4069-9749-8ea096056aec,07กฉ1256
b7b99944-53fc-4dff-8245-eec7e263cc60,02กถ789
987ab513-c665-4050-bcee-791dc72f9b1b,0ข203
08e8dea6-f6dd-46df-a496-c2255479f624,0ฮ2184
410d0d28-1cd4-4144-b23e-ee90883e0795,07กบ4052
7a0532f7-16e7-41c4-9ec1-d44ebf916e45,06กญ24
eb5c9d1f-3c8f-4f55-b1b1-5a5082ca50ee,0กข7415
6c102c73-bedb-4007-9126-06c917ea6643,0864
c24a6f73-fa0e-4ad3-ba36-68a9682a8fdd,0ฎฏย13
f5ffcf19-d2d5-4c6d-bf12-8160f750660a,0ฮย7046
d797bb39-d3f3-4bf3-ae32-d00c6827473b,05กนผ874
63c9394b-770e-42e3-b994-ecad01dc7c47,04กฌณ609
c46c98cc-1d63-4273-b1c2-539b88383cb1,05กค27
8be6cbaa-0831-45d6-ac70-f6034858f144,02กท491
e2634bfd-d5c6-488b-8a01-279fc72c0fa6,0ฎฏข537
e3073ade-d85a-41e3-a4fd-5391d7aa4753,01กญ8
ff8a61e3-6f7f-4bac-8e66-109ed19112d0,0ฌฬพ9103
1fe8448f-be3d-4916-817d-86b5e6cc9c12,06กฬ5829
c96ebc20-62b0-4b65-8c30-94f6f797a2ac,06กส472
257ca59e-5e5a-45b7-a6d0-93b4d88f6e70,01ญ06
ea8ab2a8-dcac-4157-8153-08313d737bb1,0สฎ57
1e662c1c-9c91-4450-afa7-50ba28b6158c,04กย195
48aa3d8a-d429-4bb1-b7c1-033682ef0aba,05กภ368
4450f240-afaf-478b-bab4-7dbe13f5138d,03กพ96
f80651fa-1b19-45ce-a68e-d0a9b14d182f,08กฐ1269
60d4f844-97de-4ff0-9906-d179be93d5c4,0กฬ3241
3fbbe1f7-a601-46a0-8b13-3ed056e908b2,07กส8651
4b5f4e05-f1a1-4618-be06-4cba2a8f437e,04กฎฏ32869
c444d48c-397f-4c40-9cf6-400040d8285c,0ฆล769
3421e8e6-1143-47bd-948d-b0d62d22da37,0ษข638
faf6022e-d948-413a-af54-8762473857be,03กฬบ15
079ca233-9f1f-4930-8702-1570bec8ba4b,0ฐน35
4a77acdf-4a63-4f2c-8677-79ac73ce977b,0สขช56
b6b0e7ae-d4c7-44dd-8801-cea85a82d198,0สษ5721
7ca3e564-351d-453b-ae35-fff029deb68c,0ฒข9207
fb0f5529-3b52-4e49-b110-97cfac5e8d52,0ฎฏข45
7c4656cb-f805-4155-8ff1-aade53b78a8a,0ญฎฏ1842
90b86462-d9ed-4c1b-953b-80f1bbb94047,0ฮว7803
cb8c17e5-d58a-4afe-b14c-dbc6eaa74686,06กบ59
1d0b8888-6c96-4cc8-a9fb-4ecca4c3d5e1,02กถ709
f865d853-9877-4279-8d3c-cb1078c68510,02กค9736
85a7b165-08f8-4b22-83b6-198edbac2847,02กฮ365
3f4884a5-b601-4e0f-856a-259c4b386f2e,01กย6
21baaa21-2b03-4eac-8e48-7ebc087ea495,02ฒผ6
b823b976-a1da-4fd1-b907-7d8ba303e067,0กฐ4362
13d6bffb-15ed-4797-9ab7-3b651b3b631b,0ตฒฎฏ296
29584fe9-23d3-4f8f-9934-c11cabbcb22e,06กข32
64fe5bfa-665a-4632-ae65-8050ca293c17,08กต9213
b6820c8f-4375-4a94-bdeb-74337ee567bc,06กฎฏ9145
2c8633b8-4545-42fb-bd91-44c827bda5d1,01กภ908
48ab2866-b63e-4188-b1f8-0e71535dc0a8,06กน853
6942726a-0027-4e30-ad44-8fbda74b9239,0กส5
a785ed60-af6c-4d17-a38c-5b2de982f462,0ศณ932
595190e3-2c06-45e1-bf2d-a6bb62c12ff4,0ฎ681
7776df02-7959-4132-94ac-af4fb49baf93,0ข641
c5d57d10-806d-4681-bb0d-83e2843a98ee,05กอ46
0769e13a-cb07-4cde-b2b9-d7289a7e9850,06กฐ234
8967b9d7-1b93-43f2-a62c-0fd42d18775c,07กร8459
b44c7171-38f6-4765-97e6-04250be1eb0f,01ฒร56839
341604c5-d836-49e8-857e-8cc63d6defd8,0กว8579
95f5c75c-b525-436d-a4ba-17a974e2993e,06กศ517
1db248fb-55c8-462c-8cef-14f255004645,0ฒบ3590
5c2d05a3-f80b-4667-8f63-f17390022654,0กง906
611c3820-64b5-4e6a-9adf-b438993d9763,05กฬ432
2d7b2461-e992-424d-b7c8-b627c916c86c,03กฎฏ597
5429bd93-bef1-40ca-a052-913e531b8a12,05กต74
e1f39732-863a-4a95-99a6-9397acfd6b0f,0กม103
b2ae7392-603e-45c1-86ee-c511f223fb3d,0ชล652
f186b489-d720-4d56-b3e2-031ff6ab1e87,0กจ91
d00ef253-00c8-4d95-baa0-041a06128c33,0ฮยษ2867
fcdcd25d-5b68-4a07-9d0d-51b7512b3eea,09กข384
a9ec101d-cdad-4f55-ab08-002202419c7f,09กง26ธ
52f8b566-073c-475e-ba69-acbd15e65f17,0ญถฎฏ6357
8bb2720f-4309-47e2-b0fa-75251a459523,0กส480
b7128769-e2d6-408e-854a-2ec2efeb7f10,0กษ158
60eac52f-19da-4b46-886b-a167191529bd,01ฒห3986
72556ff7-a469-44de-be40-bd14212143e8,06กข1
dc65e270-090d-4027-b3f2-d2b521deff87,04กฬ712
a6916964-359b-4a4a-a1da-2be4ba0f1428,0ฌถช9281
f3616004-14e4-4f9d-b578-ce587d8faea1,06กต213
79af5b1c-4981-47e4-8dbd-537665c73590,06กศ4523
dac4ef7c-ea48-4f00-84b9-0817e2806f02,0ฮย35
d01eeefd-9fa3-4b49-930c-06eeac6cc8cb,04กต3815
bbff2372-8da2-420b-8531-8746ca6a452c,05กทห8613
3dd50987-3c4e-485a-a946-fd8cb74728ed,0ษฮ4876
3f612760-7b73-4206-a0d1-01537365f9a4,0ฎฏอ654
6f6fdd8a-e6c6-40bc-9c55-e83d03201b0b,
81653c73-fda7-47ae-9b23-901fdd0c85c2,04กฎฏ512
9dc0c356-7639-45ee-b13b-9e469f007447,01ฒม845
7639518f-0b37-4d40-bff6-75f5692a9deb,0กฉ4639
77905da1-5fbe-45bf-ac5a-984cbc0ea7b7,0กทบ6850
2d7c5031-5a39-4d62-b0ae-32860ad7e8a7,01กต49
a4507c35-42dd-4607-b449-41fc8f495a69,01กฆ980
f4200fbf-45ef-4b58-ae90-62622c8636f9,0ญภ50
3985e6b3-a84c-4dfe-816d-fc9d6f328257,06กชข5290
6e83e789-b8a2-4102-bf02-330761df20aa,0ย536
8f27f6b2-e328-40c3-9954-1ffd935bd00d,05กฬ98
1c766e55-3096-4814-8c23-7cb8facc0e36,01ก467
98e8495a-e51d-494f-951d-739a93d87777,0พฬร67
935248b8-1fe9-4cc3-8894-007bd715d309,02ก6970
df48b54b-8e63-4484-85f1-99a6c97e92f4,04กภ5
0935be77-b0e7-4c90-8a42-9b03d3ad0a66,02ฒถ3594
